BRNCH_NME,ProdGroup,ChannelFlag,ModeofT,TxnType,AS_ON_DATE_YrMon,TxnValue,TxnCount
CBD BELAPUR,SA,MB,Digital,NEFT,Sep 2017,2673283,115
CBD BELAPUR,SA,IB,Digital,NEFT,Sep 2017,2657939,102
CBD BELAPUR,SA,NEFT/IMPS/RTGS,Branch,NEFT,Oct 2017,488329,26
KOTHRUD PUNE BRANCH,SA,MB,Digital,NEFT,Sep 2017,113159,12
CBD BELAPUR,SA,IB,Digital,NEFT,Oct 2017,1596980,76
CBD BELAPUR,SA,MB,Digital,NEFT,Aug 2017,3178401,51
CHEMBUR BRANCH,SA,MB,Digital,NEFT,Jun 2017,269000,4
T. NAGAR  CHENNAI,SA,IB,Digital,NEFT,Oct 2017,1391140,14
THILLAI NAGAR  MN.RD.   TIRUCHIIRAPPALLI,SA,MB,Digital,NEFT,Oct 2017,97604,14
Wadachiwadi,SA,NEFT/IMPS/RTGS,Branch,NEFT,Sep 2017,3000,1
THANE BRANCH,SA,MB,Digital,NEFT,Oct 2017,6000,3
CBD BELAPUR,SA,MB,Digital,NEFT,Oct 2017,3956395,136
PULLIYAKULAM ROAD   COIMBATORE,SA,IB,Digital,NEFT,Oct 2017,323660,6
CBD BELAPUR,SA,IB,Digital,NEFT,Jul 2017,1068293,15
CBD BELAPUR,SA,NEFT/IMPS/RTGS,Branch,NEFT,Jul 2017,114636,7
CBD BELAPUR,SA,MB,Digital,NEFT,Jul 2017,1372720,31
NAVRANGPURA  AHMEDABAD,SA,IB,Digital,NEFT,Oct 2017,92300,6
THANE BRANCH,SA,NEFT/IMPS/RTGS,Branch,NEFT,Jul 2017,189195,3
CBD BELAPUR,SA,IB,Digital,NEFT,Aug 2017,1114720,30
SADASHIV PETH   PUNE,SA,NEFT/IMPS/RTGS,Branch,NEFT,Aug 2017,10000,2
NAVRANGPURA  AHMEDABAD,SA,IB,Digital,NEFT,Sep 2017,205391,12
MHALUNGE BUS STOP  PUNE,SA,IB,Digital,NEFT,Aug 2017,10000,1
SADASHIV PETH   PUNE,SA,NEFT/IMPS/RTGS,Branch,NEFT,Sep 2017,197400,5
KOTHRUD PUNE BRANCH,SA,NEFT/IMPS/RTGS,Branch,NEFT,Aug 2017,300000,2
CBD BELAPUR,SA,NEFT/IMPS/RTGS,Branch,NEFT,Sep 2017,632542,52
SADASHIV PETH   PUNE,SA,IB,Digital,NEFT,Jul 2017,188004,7
CHINCHWAD  PUNE BRANCH,SA,NEFT/IMPS/RTGS,Branch,NEFT,Jul 2017,343448.8,6
CBD BELAPUR,SA,IB,Digital,NEFT,Jun 2017,1203069,23
THANE BRANCH,SA,IB,Digital,NEFT,Jun 2017,7000,3
Alandi,SA,NEFT/IMPS/RTGS,Branch,NEFT,Sep 2017,13000,2
THANE BRANCH,SA,NEFT/IMPS/RTGS,Branch,NEFT,Jun 2017,45500,4
CBD BELAPUR,SA,NEFT/IMPS/RTGS,Branch,NEFT,Aug 2017,175700,10
SADASHIV PETH   PUNE,SA,MB,Digital,NEFT,Jul 2017,40060,3
THANE BRANCH,SA,NEFT/IMPS/RTGS,Branch,NEFT,Aug 2017,141500,5
THILLAI NAGAR  MN.RD.   TIRUCHIIRAPPALLI,SA,MB,Digital,NEFT,Sep 2017,116716,7
THANE BRANCH,SA,IB,Digital,NEFT,Sep 2017,615400,9
KOTHRUD PUNE BRANCH,SA,MB,Digital,NEFT,Jun 2017,73303,9
SADASHIV PETH   PUNE,SA,IB,Digital,NEFT,Sep 2017,146040,7
Varale,SA,MB,Digital,NEFT,Aug 2017,68001,6
SADASHIV PETH   PUNE,SA,IB,Digital,NEFT,Oct 2017,276474,10
CHEMBUR BRANCH,SA,IB,Digital,NEFT,Aug 2017,452180,8
CHINCHWAD  PUNE BRANCH,SA,MB,Digital,NEFT,Sep 2017,195781,8
Varale,SA,NEFT/IMPS/RTGS,Branch,NEFT,Oct 2017,40000,1
PULLIYAKULAM ROAD   COIMBATORE,SA,MB,Digital,NEFT,Jun 2017,400000,2
Varale,SA,MB,Digital,NEFT,Oct 2017,56000,5
Varale,SA,MB,Digital,NEFT,Sep 2017,19001,5
THANE BRANCH,SA,MB,Digital,NEFT,Sep 2017,240000,6
MHALUNGE BUS STOP  PUNE,SA,MB,Digital,NEFT,Oct 2017,114000,5
CHEMBUR BRANCH,SA,NEFT/IMPS/RTGS,Branch,NEFT,Aug 2017,1055000,5
THANE BRANCH,SA,NEFT/IMPS/RTGS,Branch,NEFT,Sep 2017,32000,3
Wadachiwadi,SA,IB,Digital,NEFT,Sep 2017,116000,4
PULLIYAKULAM ROAD   COIMBATORE,SA,MB,Digital,NEFT,Sep 2017,100100,3
KOTHRUD PUNE BRANCH,SA,MB,Digital,NEFT,Aug 2017,212500,9
KOTHRUD PUNE BRANCH,SA,NEFT/IMPS/RTGS,Branch,NEFT,Jun 2017,804749,8
NAVRANGPURA  AHMEDABAD,SA,MB,Digital,NEFT,Aug 2017,8500,3
SADASHIV PETH   PUNE,SA,MB,Digital,NEFT,Oct 2017,216500,14
Wadachiwadi,SA,MB,Digital,NEFT,Oct 2017,2000,1
Alandi,SA,MB,Digital,NEFT,Aug 2017,285100,12
PULLIYAKULAM ROAD   COIMBATORE,SA,IB,Digital,NEFT,Sep 2017,198034,8
CHEMBUR BRANCH,SA,IB,Digital,NEFT,Oct 2017,899034,7
NAVRANGPURA  AHMEDABAD,SA,MB,Digital,NEFT,Sep 2017,207659,11
CHINCHWAD  PUNE BRANCH,SA,IB,Digital,NEFT,Aug 2017,50000,1
CHEMBUR BRANCH,SA,MB,Digital,NEFT,Oct 2017,154352,8
NAVRANGPURA  AHMEDABAD,SA,MB,Digital,NEFT,Oct 2017,230118,17
PULLIYAKULAM ROAD   COIMBATORE,SA,MB,Digital,NEFT,Jul 2017,200005,2
Alandi,SA,MB,Digital,NEFT,Sep 2017,8923,7
KOTHRUD PUNE BRANCH,SA,NEFT/IMPS/RTGS,Branch,NEFT,Jul 2017,208858,5
PULLIYAKULAM ROAD   COIMBATORE,SA,MB,Digital,NEFT,Oct 2017,62900,3
CHEMBUR BRANCH,SA,MB,Digital,NEFT,Jul 2017,126000,3
MHALUNGE BUS STOP  PUNE,SA,IB,Digital,NEFT,Oct 2017,47653,2
CHEMBUR BRANCH,SA,MB,Digital,NEFT,Aug 2017,344100,9
KOTHRUD PUNE BRANCH,SA,MB,Digital,NEFT,Jul 2017,150500,9
CHINCHWAD  PUNE BRANCH,SA,NEFT/IMPS/RTGS,Branch,NEFT,Oct 2017,318000,8
Varale,SA,IB,Digital,NEFT,Oct 2017,63181,3
CHEMBUR BRANCH,SA,IB,Digital,NEFT,Jun 2017,1013699,13
T. NAGAR  CHENNAI,SA,MB,Digital,NEFT,Oct 2017,292600,10
CHINCHWAD  PUNE BRANCH,SA,NEFT/IMPS/RTGS,Branch,NEFT,Aug 2017,100000,2
CBD BELAPUR,SA,NEFT/IMPS/RTGS,Branch,NEFT,Jun 2017,936690,13
KOTHRUD PUNE BRANCH,SA,NEFT/IMPS/RTGS,Branch,NEFT,Sep 2017,300000,2
THANE BRANCH,SA,MB,Digital,NEFT,Aug 2017,10870,2
THANE BRANCH,SA,NEFT/IMPS/RTGS,Branch,NEFT,Oct 2017,87900,4
CHINCHWAD  PUNE BRANCH,SA,MB,Digital,NEFT,Oct 2017,704579,17
KOTHRUD PUNE BRANCH,SA,IB,Digital,NEFT,Oct 2017,31000,3
SADASHIV PETH   PUNE,SA,MB,Digital,NEFT,Sep 2017,301900,11
Varale,SA,NEFT/IMPS/RTGS,Branch,NEFT,Aug 2017,50500,3
CBD BELAPUR,SA,MB,Digital,NEFT,Jun 2017,1520029,30
Varale,SA,IB,Digital,NEFT,Aug 2017,347909,10
NAVRANGPURA  AHMEDABAD,SA,NEFT/IMPS/RTGS,Branch,NEFT,Oct 2017,136421,7
KAMRAJ NAGAR  PUDUCHERRY,SA,MB,Digital,NEFT,Aug 2017,28000,1
MHALUNGE BUS STOP  PUNE,SA,MB,Digital,NEFT,Sep 2017,185700,7
NEW PALASIA,SA,MB,Digital,NEFT,Aug 2017,4900,1
T. NAGAR  CHENNAI,SA,NEFT/IMPS/RTGS,Branch,NEFT,Oct 2017,162654,4
THILLAI NAGAR  MN.RD.   TIRUCHIIRAPPALLI,SA,MB,Digital,NEFT,Aug 2017,200100,5
CHINCHWAD  PUNE BRANCH,SA,MB,Digital,NEFT,Aug 2017,192000,4
Wadachiwadi,SA,IB,Digital,NEFT,Aug 2017,32000,3
KOTHRUD PUNE BRANCH,SA,NEFT/IMPS/RTGS,Branch,NEFT,Oct 2017,370500,4
Wadachiwadi,SA,NEFT/IMPS/RTGS,Branch,NEFT,Aug 2017,10000,1
KOTHRUD PUNE BRANCH,SA,IB,Digital,NEFT,Jul 2017,494000,6
NEW PALASIA,SA,NEFT/IMPS/RTGS,Branch,NEFT,Oct 2017,30000,1
MHALUNGE BUS STOP  PUNE,SA,MB,Digital,NEFT,Jun 2017,31700,6
MHALUNGE BUS STOP  PUNE,SA,NEFT/IMPS/RTGS,Branch,NEFT,Jun 2017,20000,1
THILLAI NAGAR  MN.RD.   TIRUCHIIRAPPALLI,SA,IB,Digital,NEFT,Oct 2017,1000,1
NAVRANGPURA  AHMEDABAD,SA,NEFT/IMPS/RTGS,Branch,NEFT,Jun 2017,200000,2
SADASHIV PETH   PUNE,SA,MB,Digital,NEFT,Aug 2017,23000,2
Varale,SA,IB,Digital,NEFT,Sep 2017,103100,3
CHINCHWAD  PUNE BRANCH,SA,MB,Digital,NEFT,Jun 2017,218030,2
KOTHRUD PUNE BRANCH,SA,IB,Digital,NEFT,Aug 2017,206520,2
CHEMBUR BRANCH,SA,MB,Digital,NEFT,Sep 2017,233000,8
KAMRAJ NAGAR  PUDUCHERRY,SA,NEFT/IMPS/RTGS,Branch,NEFT,Oct 2017,18000,1
SADASHIV PETH   PUNE,SA,NEFT/IMPS/RTGS,Branch,NEFT,Jun 2017,100000,1
NAVRANGPURA  AHMEDABAD,SA,NEFT/IMPS/RTGS,Branch,NEFT,Sep 2017,130950,5
Wadachiwadi,SA,MB,Digital,NEFT,Sep 2017,23252,5
Alandi,SA,MB,Digital,NEFT,Oct 2017,724,1
KOTHRUD PUNE BRANCH,SA,MB,Digital,NEFT,Oct 2017,181750,15
T. NAGAR  CHENNAI,SA,NEFT/IMPS/RTGS,Branch,NEFT,Aug 2017,203100,3
CHINCHWAD  PUNE BRANCH,SA,MB,Digital,NEFT,Jul 2017,44001,4
T. NAGAR  CHENNAI,SA,IB,Digital,NEFT,Sep 2017,261528,7
THANE BRANCH,SA,IB,Digital,NEFT,Oct 2017,169600,9
T. NAGAR  CHENNAI,SA,NEFT/IMPS/RTGS,Branch,NEFT,Sep 2017,51000,2
PULLIYAKULAM ROAD   COIMBATORE,SA,IB,Digital,NEFT,Jul 2017,74,1
CHEMBUR BRANCH,SA,NEFT/IMPS/RTGS,Branch,NEFT,Sep 2017,56635,2
KOTHRUD PUNE BRANCH,SA,IB,Digital,NEFT,Sep 2017,21187,3
CHINCHWAD  PUNE BRANCH,SA,NEFT/IMPS/RTGS,Branch,NEFT,Jun 2017,180000,4
PULLIYAKULAM ROAD   COIMBATORE,SA,IB,Digital,NEFT,Aug 2017,1500,1
T. NAGAR  CHENNAI,SA,MB,Digital,NEFT,Sep 2017,139930,7
CHEMBUR BRANCH,SA,NEFT/IMPS/RTGS,Branch,NEFT,Jul 2017,150500,2
Wadachiwadi,SA,NEFT/IMPS/RTGS,Branch,NEFT,Oct 2017,40417,1
SADASHIV PETH   PUNE,SA,IB,Digital,NEFT,Aug 2017,26900,2
KAMRAJ NAGAR  PUDUCHERRY,SA,MB,Digital,NEFT,Jun 2017,1000,1
PULLIYAKULAM ROAD   COIMBATORE,SA,NEFT/IMPS/RTGS,Branch,NEFT,Aug 2017,106000,2
THILLAI NAGAR  MN.RD.   TIRUCHIIRAPPALLI,SA,IB,Digital,NEFT,Aug 2017,2210,1
THILLAI NAGAR  MN.RD.   TIRUCHIIRAPPALLI,SA,IB,Digital,NEFT,Sep 2017,36468,2
THILLAI NAGAR  MN.RD.   TIRUCHIIRAPPALLI,SA,NEFT/IMPS/RTGS,Branch,NEFT,Sep 2017,2055936,3
NEW PALASIA,SA,NEFT/IMPS/RTGS,Branch,NEFT,Aug 2017,20000,1
SADASHIV PETH   PUNE,SA,NEFT/IMPS/RTGS,Branch,NEFT,Oct 2017,40000,2
CHEMBUR BRANCH,SA,IB,Digital,NEFT,Jul 2017,27020,4
MHALUNGE BUS STOP  PUNE,SA,IB,Digital,NEFT,Sep 2017,6900,4
NEW PALASIA,SA,MB,Digital,NEFT,Sep 2017,3000,2
NEW PALASIA,SA,MB,Digital,NEFT,Jun 2017,8000,1
Wadachiwadi,SA,IB,Digital,NEFT,Oct 2017,34400,4
T. NAGAR  CHENNAI,SA,IB,Digital,NEFT,Jul 2017,3,1
T. NAGAR  CHENNAI,SA,IB,Digital,NEFT,Aug 2017,38600,4
PULLIYAKULAM ROAD   COIMBATORE,SA,NEFT/IMPS/RTGS,Branch,NEFT,Oct 2017,201000,2
NAVRANGPURA  AHMEDABAD,SA,IB,Digital,NEFT,Jul 2017,12507,1
MHALUNGE BUS STOP  PUNE,SA,MB,Digital,NEFT,Jul 2017,10000,2
KAMRAJ NAGAR  PUDUCHERRY,SA,IB,Digital,NEFT,Oct 2017,28190,1
KAMRAJ NAGAR  PUDUCHERRY,SA,IB,Digital,NEFT,Aug 2017,80000,1
NEW PALASIA,SA,NEFT/IMPS/RTGS,Branch,NEFT,Sep 2017,90000,1
NEW PALASIA,SA,MB,Digital,NEFT,Oct 2017,1900,1
CHEMBUR BRANCH,SA,NEFT/IMPS/RTGS,Branch,NEFT,Oct 2017,9500,1
MHALUNGE BUS STOP  PUNE,SA,MB,Digital,NEFT,Aug 2017,10000,1
MHALUNGE BUS STOP  PUNE,SA,NEFT/IMPS/RTGS,Branch,NEFT,Sep 2017,994,2
NAVRANGPURA  AHMEDABAD,SA,IB,Digital,NEFT,Aug 2017,1000,1
CHEMBUR BRANCH,SA,IB,Digital,NEFT,Sep 2017,606433,7
Wadachiwadi,SA,MB,Digital,NEFT,Aug 2017,5910,4
CHINCHWAD  PUNE BRANCH,SA,NEFT/IMPS/RTGS,Branch,NEFT,Sep 2017,70000,2
KOTHRUD PUNE BRANCH,SA,IB,Digital,NEFT,Jun 2017,10000,1
NAVRANGPURA  AHMEDABAD,SA,IB,Digital,NEFT,Jun 2017,12000,1
CHINCHWAD  PUNE BRANCH,SA,IB,Digital,NEFT,Oct 2017,300,3
T. NAGAR  CHENNAI,SA,NEFT/IMPS/RTGS,Branch,NEFT,Jul 2017,1000000,1
T. NAGAR  CHENNAI,SA,MB,Digital,NEFT,Jul 2017,1000,1
CBD BELAPUR,SA,MB,Digital,IMPS,Jun 2017,840842,82
CBD BELAPUR,SA,IB,Digital,IMPS,Oct 2017,1659143,115
Alandi,SA,MB,Digital,IMPS,Oct 2017,290189,33
THANE BRANCH,SA,NEFT/IMPS/RTGS,Branch,IMPS,Oct 2017,-4000,2
NAVRANGPURA  AHMEDABAD,SA,MB,Digital,IMPS,Oct 2017,342107,44
CBD BELAPUR,SA,MB,Digital,IMPS,Oct 2017,3857043,355
THANE BRANCH,SA,MB,Digital,IMPS,Oct 2017,543514,51
CHINCHWAD  PUNE BRANCH,SA,MB,Digital,IMPS,Oct 2017,523219,45
MHALUNGE BUS STOP  PUNE,SA,IB,Digital,IMPS,Oct 2017,2270,2
KOTHRUD PUNE BRANCH,SA,MB,Digital,IMPS,Oct 2017,867763,65
KOTHRUD PUNE BRANCH,SA,MB,Digital,IMPS,Jun 2017,163866,20
CHEMBUR BRANCH,SA,MB,Digital,IMPS,Oct 2017,385554,29
CBD BELAPUR,SA,NEFT/IMPS/RTGS,Branch,IMPS,Oct 2017,-285592.9,48
KAMRAJ NAGAR  PUDUCHERRY,SA,MB,Digital,IMPS,Oct 2017,127990,20
Wadachiwadi,SA,MB,Digital,IMPS,Oct 2017,86520,18
CBD BELAPUR,SA,MB,Digital,IMPS,Sep 2017,3472237,322
PULLIYAKULAM ROAD   COIMBATORE,SA,IB,Digital,IMPS,Oct 2017,114510,13
THILLAI NAGAR  MN.RD.   TIRUCHIIRAPPALLI,SA,IB,Digital,IMPS,Oct 2017,121225,10
THILLAI NAGAR  MN.RD.   TIRUCHIIRAPPALLI,SA,MB,Digital,IMPS,Oct 2017,259270.8,37
T. NAGAR  CHENNAI,SA,IB,Digital,IMPS,Oct 2017,317216,23
NEW PALASIA,SA,IB,Digital,IMPS,Oct 2017,199178.3,14
NEW PALASIA,SA,MB,Digital,IMPS,Oct 2017,78329,16
Varale,SA,MB,Digital,IMPS,Oct 2017,15000,5
MHALUNGE BUS STOP  PUNE,SA,MB,Digital,IMPS,Oct 2017,47780,7
CBD BELAPUR,SA,IB,Digital,IMPS,Jun 2017,221525,23
SADASHIV PETH   PUNE,SA,MB,Digital,IMPS,Oct 2017,491531,41
SADASHIV PETH   PUNE,SA,NEFT/IMPS/RTGS,Branch,IMPS,Oct 2017,-43146,5
THILLAI NAGAR  MN.RD.   TIRUCHIIRAPPALLI,SA,MB,Digital,IMPS,Jun 2017,52000,3
CHINCHWAD  PUNE BRANCH,SA,NEFT/IMPS/RTGS,Branch,IMPS,Oct 2017,-60800,3
T. NAGAR  CHENNAI,SA,MB,Digital,IMPS,Oct 2017,355995,30
CHEMBUR BRANCH,SA,MB,Digital,IMPS,Jun 2017,50330,6
KOTHRUD PUNE BRANCH,SA,NEFT/IMPS/RTGS,Branch,IMPS,Oct 2017,-194100,6
SADASHIV PETH   PUNE,SA,IB,Digital,IMPS,Oct 2017,165868,19
CHEMBUR BRANCH,SA,IB,Digital,IMPS,Oct 2017,54072,3
Varale,SA,IB,Digital,IMPS,Oct 2017,101696,8
CHINCHWAD  PUNE BRANCH,SA,MB,Digital,IMPS,Jun 2017,411100,25
CHEMBUR BRANCH,SA,IB,Digital,IMPS,Jun 2017,156404,9
PULLIYAKULAM ROAD   COIMBATORE,SA,MB,Digital,IMPS,Oct 2017,800887,89
KAMRAJ NAGAR  PUDUCHERRY,SA,IB,Digital,IMPS,Oct 2017,52390,6
NEW PALASIA,SA,MB,Digital,IMPS,Jun 2017,37400,8
PULLIYAKULAM ROAD   COIMBATORE,SA,MB,Digital,IMPS,Jun 2017,188402,14
THANE BRANCH,SA,IB,Digital,IMPS,Jun 2017,5500,1
PULLIYAKULAM ROAD   COIMBATORE,SA,NEFT/IMPS/RTGS,Branch,IMPS,Oct 2017,-206001,11
Alandi,SA,NEFT/IMPS/RTGS,Branch,IMPS,Oct 2017,-500,1
NAVRANGPURA  AHMEDABAD,SA,IB,Digital,IMPS,Oct 2017,236322.4,15
KOTHRUD PUNE BRANCH,SA,IB,Digital,IMPS,Oct 2017,23000,3
CHINCHWAD  PUNE BRANCH,SA,IB,Digital,IMPS,Oct 2017,33510,1
NEW PALASIA,SA,IB,Digital,IMPS,Jun 2017,23100,7
Wadachiwadi,SA,IB,Digital,IMPS,Oct 2017,14977,7
KOTHRUD PUNE BRANCH,SA,IB,Digital,IMPS,Jun 2017,28000,1
NAVRANGPURA  AHMEDABAD,SA,NEFT/IMPS/RTGS,Branch,IMPS,Oct 2017,-900,3
KAMRAJ NAGAR  PUDUCHERRY,SA,MB,Digital,IMPS,Jun 2017,40500,5
SADASHIV PETH   PUNE,SA,MB,Digital,IMPS,Jun 2017,45000,2
NEW PALASIA,SA,NEFT/IMPS/RTGS,Branch,IMPS,Oct 2017,-200,1
KAMRAJ NAGAR  PUDUCHERRY,SA,NEFT/IMPS/RTGS,Branch,IMPS,Oct 2017,-28190,1
THANE BRANCH,SA,MB,Digital,IMPS,Jun 2017,47374,5
KAMRAJ NAGAR  PUDUCHERRY,SA,IB,Digital,IMPS,Jun 2017,50000,2
THILLAI NAGAR  MN.RD.   TIRUCHIIRAPPALLI,SA,IB,Digital,IMPS,Jun 2017,2000,1
PULLIYAKULAM ROAD   COIMBATORE,SA,IB,Digital,IMPS,Jun 2017,800,1
CHINCHWAD  PUNE BRANCH,SA,NEFT/IMPS/RTGS,Branch,IMPS,Jun 2017,-50000,1
THILLAI NAGAR  MN.RD.   TIRUCHIIRAPPALLI,SA,NEFT/IMPS/RTGS,Branch,IMPS,Oct 2017,-15020,6
MHALUNGE BUS STOP  PUNE,SA,NEFT/IMPS/RTGS,Branch,IMPS,Oct 2017,-1100,2
CBD BELAPUR,SA,NEFT/IMPS/RTGS,Branch,IMPS,Jun 2017,-16500,1
THANE BRANCH,SA,IB,Digital,IMPS,Oct 2017,24000,2
T. NAGAR  CHENNAI,SA,NEFT/IMPS/RTGS,Branch,IMPS,Oct 2017,-3000,3
CHINCHWAD  PUNE BRANCH,SA,MB,Digital,IMPS,Aug 2017,428202,24
KOTHRUD PUNE BRANCH,SA,MB,Digital,IMPS,Sep 2017,886998,57
Alandi,SA,MB,Digital,IMPS,Aug 2017,213184,16
CBD BELAPUR,SA,IB,Digital,IMPS,Sep 2017,1166851,74
CBD BELAPUR,SA,MB,Digital,IMPS,Jul 2017,1068159,85
CBD BELAPUR,SA,MB,Digital,IMPS,Aug 2017,1121529,133
KOTHRUD PUNE BRANCH,SA,MB,Digital,IMPS,Jul 2017,614470,39
KAMRAJ NAGAR  PUDUCHERRY,SA,MB,Digital,IMPS,Jul 2017,36000,7
THILLAI NAGAR  MN.RD.   TIRUCHIIRAPPALLI,SA,IB,Digital,IMPS,Aug 2017,7900,2
Varale,SA,IB,Digital,IMPS,Aug 2017,120510,6
T. NAGAR  CHENNAI,SA,MB,Digital,IMPS,Aug 2017,42561,11
SADASHIV PETH   PUNE,SA,MB,Digital,IMPS,Aug 2017,270573,19
NAVRANGPURA  AHMEDABAD,SA,MB,Digital,IMPS,Aug 2017,59000,4
CBD BELAPUR,SA,NEFT/IMPS/RTGS,Branch,IMPS,Sep 2017,-87625,14
KAMRAJ NAGAR  PUDUCHERRY,SA,IB,Digital,IMPS,Aug 2017,113000,3
CBD BELAPUR,SA,IB,Digital,IMPS,Aug 2017,101199,20
Alandi,SA,NEFT/IMPS/RTGS,Branch,IMPS,Sep 2017,-1000,1
Alandi,SA,MB,Digital,IMPS,Sep 2017,297671,30
CHINCHWAD  PUNE BRANCH,SA,MB,Digital,IMPS,Sep 2017,374502,27
SADASHIV PETH   PUNE,SA,IB,Digital,IMPS,Sep 2017,230344,22
Varale,SA,IB,Digital,IMPS,Sep 2017,73000,5
NAVRANGPURA  AHMEDABAD,SA,MB,Digital,IMPS,Sep 2017,199200,29
NAVRANGPURA  AHMEDABAD,SA,MB,Digital,IMPS,Jul 2017,15500,2
Wadachiwadi,SA,MB,Digital,IMPS,Sep 2017,40402,9
THANE BRANCH,SA,MB,Digital,IMPS,Aug 2017,171624,13
KAMRAJ NAGAR  PUDUCHERRY,SA,MB,Digital,IMPS,Aug 2017,212145,12
NEW PALASIA,SA,MB,Digital,IMPS,Aug 2017,68015,11
NAVRANGPURA  AHMEDABAD,SA,IB,Digital,IMPS,Jul 2017,27000,1
CHINCHWAD  PUNE BRANCH,SA,MB,Digital,IMPS,Jul 2017,96700,13
CHEMBUR BRANCH,SA,IB,Digital,IMPS,Jul 2017,165211,11
THANE BRANCH,SA,MB,Digital,IMPS,Jul 2017,30700,4
NAVRANGPURA  AHMEDABAD,SA,IB,Digital,IMPS,Sep 2017,16100,4
KAMRAJ NAGAR  PUDUCHERRY,SA,MB,Digital,IMPS,Sep 2017,107510,27
THANE BRANCH,SA,MB,Digital,IMPS,Sep 2017,224326,28
CBD BELAPUR,SA,IB,Digital,IMPS,Jul 2017,77611,14
THANE BRANCH,SA,IB,Digital,IMPS,Sep 2017,218100,9
KOTHRUD PUNE BRANCH,SA,MB,Digital,IMPS,Aug 2017,593665,35
CHEMBUR BRANCH,SA,MB,Digital,IMPS,Sep 2017,490718,32
PULLIYAKULAM ROAD   COIMBATORE,SA,MB,Digital,IMPS,Sep 2017,165713,42
MHALUNGE BUS STOP  PUNE,SA,MB,Digital,IMPS,Sep 2017,141900,12
THANE BRANCH,SA,NEFT/IMPS/RTGS,Branch,IMPS,Sep 2017,-17000,4
CHEMBUR BRANCH,SA,MB,Digital,IMPS,Aug 2017,348765,33
PULLIYAKULAM ROAD   COIMBATORE,SA,IB,Digital,IMPS,Aug 2017,5500,1
CHEMBUR BRANCH,SA,IB,Digital,IMPS,Aug 2017,9190,5
SADASHIV PETH   PUNE,SA,IB,Digital,IMPS,Aug 2017,62000,4
T. NAGAR  CHENNAI,SA,IB,Digital,IMPS,Sep 2017,137690,7
SADASHIV PETH   PUNE,SA,MB,Digital,IMPS,Sep 2017,462391,43
Wadachiwadi,SA,IB,Digital,IMPS,Sep 2017,8000,3
PULLIYAKULAM ROAD   COIMBATORE,SA,IB,Digital,IMPS,Sep 2017,112100,8
T. NAGAR  CHENNAI,SA,MB,Digital,IMPS,Sep 2017,316272,19
MHALUNGE BUS STOP  PUNE,SA,IB,Digital,IMPS,Jul 2017,1000,1
KOTHRUD PUNE BRANCH,SA,IB,Digital,IMPS,Sep 2017,64930,3
THILLAI NAGAR  MN.RD.   TIRUCHIIRAPPALLI,SA,MB,Digital,IMPS,Sep 2017,180972,22
SADASHIV PETH   PUNE,SA,NEFT/IMPS/RTGS,Branch,IMPS,Jul 2017,-27000,1
SADASHIV PETH   PUNE,SA,IB,Digital,IMPS,Jul 2017,28500,2
THILLAI NAGAR  MN.RD.   TIRUCHIIRAPPALLI,SA,IB,Digital,IMPS,Jul 2017,3600,2
SADASHIV PETH   PUNE,SA,MB,Digital,IMPS,Jul 2017,92500,7
CHEMBUR BRANCH,SA,IB,Digital,IMPS,Sep 2017,14000,3
MHALUNGE BUS STOP  PUNE,SA,MB,Digital,IMPS,Jul 2017,12000,3
THILLAI NAGAR  MN.RD.   TIRUCHIIRAPPALLI,SA,IB,Digital,IMPS,Sep 2017,48820,6
CHEMBUR BRANCH,SA,MB,Digital,IMPS,Jul 2017,51610,4
KAMRAJ NAGAR  PUDUCHERRY,SA,IB,Digital,IMPS,Jul 2017,93000,6
CBD BELAPUR,SA,NEFT/IMPS/RTGS,Branch,IMPS,Jul 2017,-5910,4
T. NAGAR  CHENNAI,SA,IB,Digital,IMPS,Jul 2017,1400,2
NAVRANGPURA  AHMEDABAD,SA,IB,Digital,IMPS,Aug 2017,6000,1
Wadachiwadi,SA,MB,Digital,IMPS,Aug 2017,20000,1
T. NAGAR  CHENNAI,SA,IB,Digital,IMPS,Aug 2017,25500,4
NEW PALASIA,SA,IB,Digital,IMPS,Jul 2017,20800,10
NEW PALASIA,SA,MB,Digital,IMPS,Sep 2017,150513,24
THILLAI NAGAR  MN.RD.   TIRUCHIIRAPPALLI,SA,MB,Digital,IMPS,Jul 2017,6178,4
NEW PALASIA,SA,MB,Digital,IMPS,Jul 2017,10140,5
MHALUNGE BUS STOP  PUNE,SA,MB,Digital,IMPS,Aug 2017,20700,8
MHALUNGE BUS STOP  PUNE,SA,IB,Digital,IMPS,Aug 2017,6600,3
Alandi,SA,NEFT/IMPS/RTGS,Branch,IMPS,Aug 2017,-354,4
PULLIYAKULAM ROAD   COIMBATORE,SA,MB,Digital,IMPS,Aug 2017,799050,39
THILLAI NAGAR  MN.RD.   TIRUCHIIRAPPALLI,SA,MB,Digital,IMPS,Aug 2017,69900,2
CHINCHWAD  PUNE BRANCH,SA,NEFT/IMPS/RTGS,Branch,IMPS,Sep 2017,-50782,2
KAMRAJ NAGAR  PUDUCHERRY,SA,IB,Digital,IMPS,Sep 2017,64100,5
KOTHRUD PUNE BRANCH,SA,IB,Digital,IMPS,Aug 2017,18000,1
Varale,SA,MB,Digital,IMPS,Aug 2017,5731,7
Varale,SA,MB,Digital,IMPS,Sep 2017,39023,9
NEW PALASIA,SA,IB,Digital,IMPS,Aug 2017,3500,3
CBD BELAPUR,SA,NEFT/IMPS/RTGS,Branch,IMPS,Aug 2017,-12001,3
MHALUNGE BUS STOP  PUNE,SA,IB,Digital,IMPS,Sep 2017,5000,1
PULLIYAKULAM ROAD   COIMBATORE,SA,MB,Digital,IMPS,Jul 2017,657755,29
CHINCHWAD  PUNE BRANCH,SA,IB,Digital,IMPS,Sep 2017,5000,1
Alandi,SA,IB,Digital,IMPS,Sep 2017,20000,1
CHINCHWAD  PUNE BRANCH,SA,IB,Digital,IMPS,Jul 2017,90500,3
KOTHRUD PUNE BRANCH,SA,IB,Digital,IMPS,Jul 2017,100000,2
KAMRAJ NAGAR  PUDUCHERRY,SA,NEFT/IMPS/RTGS,Branch,IMPS,Jul 2017,-10000,1
CHINCHWAD  PUNE BRANCH,SA,MB,Digital,RTGS,Aug 2017,1900000,5
CHEMBUR BRANCH,SA,IB,Digital,RTGS,Aug 2017,1663387,6
THILLAI NAGAR  MN.RD.   TIRUCHIIRAPPALLI,SA,NEFT/IMPS/RTGS,Branch,RTGS,Sep 2017,1800000,3
NAVRANGPURA  AHMEDABAD,SA,NEFT/IMPS/RTGS,Branch,RTGS,Sep 2017,1742000,3
KOTHRUD PUNE BRANCH,SA,IB,Digital,RTGS,Jul 2017,500000,2
CBD BELAPUR,SA,MB,Digital,RTGS,Sep 2017,3500000,7
CHINCHWAD  PUNE BRANCH,SA,NEFT/IMPS/RTGS,Branch,RTGS,Jun 2017,1150000,2
CHEMBUR BRANCH,SA,IB,Digital,RTGS,Jul 2017,200000,1
THANE BRANCH,SA,NEFT/IMPS/RTGS,Branch,RTGS,Oct 2017,4340000,2
CBD BELAPUR,SA,NEFT/IMPS/RTGS,Branch,RTGS,Oct 2017,2864635,4
Varale,SA,IB,Digital,RTGS,Sep 2017,400000,1
NEW PALASIA,SA,IB,Digital,RTGS,Jul 2017,420000,1
KAMRAJ NAGAR  PUDUCHERRY,SA,NEFT/IMPS/RTGS,Branch,RTGS,Oct 2017,700000,3
CBD BELAPUR,SA,NEFT/IMPS/RTGS,Branch,RTGS,Aug 2017,4900000,3
NAVRANGPURA  AHMEDABAD,SA,NEFT/IMPS/RTGS,Branch,RTGS,Jun 2017,450000,2
KOTHRUD PUNE BRANCH,SA,NEFT/IMPS/RTGS,Branch,RTGS,Sep 2017,500000,1
T. NAGAR  CHENNAI,SA,IB,Digital,RTGS,Oct 2017,2905400,7
NAVRANGPURA  AHMEDABAD,SA,NEFT/IMPS/RTGS,Branch,RTGS,Jul 2017,250000,1
CHEMBUR BRANCH,SA,IB,Digital,RTGS,Oct 2017,553289,2
CHEMBUR BRANCH,SA,MB,Digital,RTGS,Oct 2017,500000,1
CBD BELAPUR,SA,NEFT/IMPS/RTGS,Branch,RTGS,Jun 2017,1887630,4
THILLAI NAGAR  MN.RD.   TIRUCHIIRAPPALLI,SA,NEFT/IMPS/RTGS,Branch,RTGS,Oct 2017,4108000,2
CBD BELAPUR,SA,IB,Digital,RTGS,Sep 2017,700000,3
T. NAGAR  CHENNAI,SA,NEFT/IMPS/RTGS,Branch,RTGS,Jul 2017,600000,1
THILLAI NAGAR  MN.RD.   TIRUCHIIRAPPALLI,SA,NEFT/IMPS/RTGS,Branch,RTGS,Jul 2017,1000000,1
CBD BELAPUR,SA,IB,Digital,RTGS,Jul 2017,775000,2
CHEMBUR BRANCH,SA,NEFT/IMPS/RTGS,Branch,RTGS,Aug 2017,495000,1
KOTHRUD PUNE BRANCH,SA,NEFT/IMPS/RTGS,Branch,RTGS,Jul 2017,1000000,3
THILLAI NAGAR  MN.RD.   TIRUCHIIRAPPALLI,SA,NEFT/IMPS/RTGS,Branch,RTGS,Aug 2017,15000000,1
CBD BELAPUR,SA,IB,Digital,RTGS,Aug 2017,300000,1
NAVRANGPURA  AHMEDABAD,SA,IB,Digital,RTGS,Oct 2017,500000,1
NAVRANGPURA  AHMEDABAD,SA,NEFT/IMPS/RTGS,Branch,RTGS,Aug 2017,600000,2
KAMRAJ NAGAR  PUDUCHERRY,SA,NEFT/IMPS/RTGS,Branch,RTGS,Sep 2017,200000,1
THANE BRANCH,SA,IB,Digital,RTGS,Oct 2017,607000,3
CBD BELAPUR,SA,IB,Digital,RTGS,Jun 2017,465000,2
CHINCHWAD  PUNE BRANCH,SA,MB,Digital,RTGS,Jul 2017,224692,1
NEW PALASIA,SA,IB,Digital,RTGS,Jun 2017,420000,1
CHINCHWAD  PUNE BRANCH,SA,MB,Digital,RTGS,Sep 2017,900000,2
KOTHRUD PUNE BRANCH,SA,NEFT/IMPS/RTGS,Branch,RTGS,Oct 2017,1000000,1
THANE BRANCH,SA,MB,Digital,RTGS,Oct 2017,216000,1
CBD BELAPUR,SA,NEFT/IMPS/RTGS,Branch,RTGS,Jul 2017,200000,1
PULLIYAKULAM ROAD   COIMBATORE,SA,NEFT/IMPS/RTGS,Branch,RTGS,Aug 2017,1368904,1
NAVRANGPURA  AHMEDABAD,SA,NEFT/IMPS/RTGS,Branch,RTGS,Oct 2017,905000,3
NAVRANGPURA  AHMEDABAD,SA,MB,Digital,RTGS,Sep 2017,200000,1
THILLAI NAGAR  MN.RD.   TIRUCHIIRAPPALLI,SA,IB,Digital,RTGS,Jun 2017,300000,1
KOTHRUD PUNE BRANCH,SA,NEFT/IMPS/RTGS,Branch,RTGS,Aug 2017,3600000,2
SADASHIV PETH   PUNE,SA,IB,Digital,RTGS,Aug 2017,400000,1
CHINCHWAD  PUNE BRANCH,SA,NEFT/IMPS/RTGS,Branch,RTGS,Oct 2017,400000,1
SADASHIV PETH   PUNE,SA,NEFT/IMPS/RTGS,Branch,RTGS,Jul 2017,260000,1
CHINCHWAD  PUNE BRANCH,SA,NEFT/IMPS/RTGS,Branch,RTGS,Jul 2017,500000,1
CENTRAL BACK OFFICE  BELAPUR,CA,NEFT/IMPS/RTGS,Branch,NEFT,Oct 2017,2312051,519
Varale,CA,MB,Digital,NEFT,Sep 2017,145310,20
CHINCHWAD  PUNE BRANCH,CA,NEFT/IMPS/RTGS,Branch,NEFT,Jul 2017,304115,6
NAVRANGPURA  AHMEDABAD,CA,IB,Digital,NEFT,Sep 2017,21000,2
CHINCHWAD  PUNE BRANCH,CA,NEFT/IMPS/RTGS,Branch,NEFT,Sep 2017,2103094,21
CHINCHWAD  PUNE BRANCH,CA,MB,Digital,NEFT,Oct 2017,1766630,53
NAVRANGPURA  AHMEDABAD,CA,MB,Digital,NEFT,Sep 2017,610000,6
CHINCHWAD  PUNE BRANCH,CA,MB,Digital,NEFT,Jul 2017,490000,4
SADASHIV PETH   PUNE,CA,MB,Digital,NEFT,Jul 2017,87000,4
PULLIYAKULAM ROAD   COIMBATORE,CA,MB,Digital,NEFT,Oct 2017,3654,1
CHINCHWAD  PUNE BRANCH,CA,MB,Digital,NEFT,Sep 2017,2577541,68
CBD BELAPUR,CA,NEFT/IMPS/RTGS,Branch,NEFT,Oct 2017,352658,19
T. NAGAR  CHENNAI,CA,NEFT/IMPS/RTGS,Branch,NEFT,Sep 2017,100000,1
SADASHIV PETH   PUNE,CA,MB,Digital,NEFT,Sep 2017,398300,20
MHALUNGE BUS STOP  PUNE,CA,MB,Digital,NEFT,Oct 2017,115220,14
NAVRANGPURA  AHMEDABAD,CA,NEFT/IMPS/RTGS,Branch,NEFT,Jun 2017,100000,1
CBD BELAPUR,CA,NEFT/IMPS/RTGS,Branch,NEFT,Jun 2017,114592,7
SADASHIV PETH   PUNE,CA,MB,Digital,NEFT,Jun 2017,219000,6
CHINCHWAD  PUNE BRANCH,CA,NEFT/IMPS/RTGS,Branch,NEFT,Oct 2017,5639848,43
CHEMBUR BRANCH,CA,NEFT/IMPS/RTGS,Branch,NEFT,Jun 2017,40000,1
CBD BELAPUR,CA,MB,Digital,NEFT,Sep 2017,3010,2
KOTHRUD PUNE BRANCH,CA,MB,Digital,NEFT,Jun 2017,8000,1
CHINCHWAD  PUNE BRANCH,CA,MB,Digital,NEFT,Jun 2017,200000,2
THILLAI NAGAR  MN.RD.   TIRUCHIIRAPPALLI,CA,IB,Digital,NEFT,Sep 2017,2400,1
KOTHRUD PUNE BRANCH,CA,NEFT/IMPS/RTGS,Branch,NEFT,Jul 2017,70000,2
KOTHRUD PUNE BRANCH,CA,NEFT/IMPS/RTGS,Branch,NEFT,Oct 2017,59500,4
THANE BRANCH,CA,NEFT/IMPS/RTGS,Branch,NEFT,Sep 2017,5688,1
NAVRANGPURA  AHMEDABAD,CA,NEFT/IMPS/RTGS,Branch,NEFT,Sep 2017,510000,2
Varale,CA,IB,Digital,NEFT,Sep 2017,9900,1
SADASHIV PETH   PUNE,CA,MB,Digital,NEFT,Oct 2017,624050,22
Varale,CA,MB,Digital,NEFT,Oct 2017,261331,19
NAVRANGPURA  AHMEDABAD,CA,MB,Digital,NEFT,Oct 2017,553000,2
KAMRAJ NAGAR  PUDUCHERRY,CA,MB,Digital,NEFT,Oct 2017,49630,12
CHEMBUR BRANCH,CA,NEFT/IMPS/RTGS,Branch,NEFT,Sep 2017,30950,1
MHALUNGE BUS STOP  PUNE,CA,MB,Digital,NEFT,Sep 2017,129500,16
Wadachiwadi,CA,MB,Digital,NEFT,Sep 2017,10000,1
Alandi,CA,MB,Digital,NEFT,Oct 2017,482000,6
Wadachiwadi,CA,NEFT/IMPS/RTGS,Branch,NEFT,Oct 2017,90000,1
SADASHIV PETH   PUNE,CA,IB,Digital,NEFT,Oct 2017,8500,1
CBD BELAPUR,CA,NEFT/IMPS/RTGS,Branch,NEFT,Jul 2017,115987,7
Varale,CA,IB,Digital,NEFT,Oct 2017,112872,10
MHALUNGE BUS STOP  PUNE,CA,IB,Digital,NEFT,Oct 2017,37000,3
NEW PALASIA,CA,MB,Digital,NEFT,Oct 2017,5000,1
KOTHRUD PUNE BRANCH,CA,MB,Digital,NEFT,Oct 2017,1522100,27
CENTRAL BACK OFFICE  BELAPUR,CA,NEFT/IMPS/RTGS,Branch,NEFT,Sep 2017,6462,10
CHINCHWAD  PUNE BRANCH,CA,NEFT/IMPS/RTGS,Branch,NEFT,Aug 2017,1580124,21
CHINCHWAD  PUNE BRANCH,CA,MB,Digital,NEFT,Aug 2017,1770215,32
CBD BELAPUR,CA,NEFT/IMPS/RTGS,Branch,NEFT,Sep 2017,582282,12
SADASHIV PETH   PUNE,CA,IB,Digital,NEFT,Sep 2017,53700,5
PULLIYAKULAM ROAD   COIMBATORE,CA,MB,Digital,NEFT,Sep 2017,19000,1
CHEMBUR BRANCH,CA,NEFT/IMPS/RTGS,Branch,NEFT,Oct 2017,4055,1
THANE BRANCH,CA,NEFT/IMPS/RTGS,Branch,NEFT,Oct 2017,600,1
SADASHIV PETH   PUNE,CA,MB,Digital,NEFT,Aug 2017,267050,31
T. NAGAR  CHENNAI,CA,NEFT/IMPS/RTGS,Branch,NEFT,Oct 2017,72269,3
CHINCHWAD  PUNE BRANCH,CA,IB,Digital,NEFT,Aug 2017,19422,2
Wadachiwadi,CA,MB,Digital,NEFT,Oct 2017,132000,6
T. NAGAR  CHENNAI,CA,NEFT/IMPS/RTGS,Branch,NEFT,Aug 2017,160000,1
Varale,CA,NEFT/IMPS/RTGS,Branch,NEFT,Oct 2017,28487,2
CHEMBUR BRANCH,CA,NEFT/IMPS/RTGS,Branch,NEFT,Jul 2017,13000,1
Varale,CA,NEFT/IMPS/RTGS,Branch,NEFT,Sep 2017,14278,1
NEW PALASIA,CA,IB,Digital,NEFT,Oct 2017,6000,2
Alandi,CA,MB,Digital,NEFT,Sep 2017,1080500,14
MHALUNGE BUS STOP  PUNE,CA,IB,Digital,NEFT,Sep 2017,4000,1
KOTHRUD PUNE BRANCH,CA,NEFT/IMPS/RTGS,Branch,NEFT,Sep 2017,2700000,1
CBD BELAPUR,CA,NEFT/IMPS/RTGS,Branch,NEFT,Aug 2017,144327,9
SADASHIV PETH   PUNE,CA,IB,Digital,NEFT,Aug 2017,35200,6
Alandi,CA,MB,Digital,NEFT,Aug 2017,70000,1
MHALUNGE BUS STOP  PUNE,CA,MB,Digital,NEFT,Aug 2017,27000,4
Varale,CA,IB,Digital,NEFT,Aug 2017,100000,4
CHINCHWAD  PUNE BRANCH,CA,NEFT/IMPS/RTGS,Branch,IMPS,Oct 2017,-10000,1
NAVRANGPURA  AHMEDABAD,CA,IB,Digital,IMPS,Oct 2017,5000,1
CHINCHWAD  PUNE BRANCH,CA,MB,Digital,IMPS,Aug 2017,89000,6
CHINCHWAD  PUNE BRANCH,CA,MB,Digital,IMPS,Oct 2017,60000,3
NAVRANGPURA  AHMEDABAD,CA,MB,Digital,IMPS,Sep 2017,75000,2
PULLIYAKULAM ROAD   COIMBATORE,CA,IB,Digital,IMPS,Oct 2017,111850,7
Wadachiwadi,CA,MB,Digital,IMPS,Oct 2017,51030,4
CHINCHWAD  PUNE BRANCH,CA,MB,Digital,IMPS,Jul 2017,95000,4
PULLIYAKULAM ROAD   COIMBATORE,CA,IB,Digital,IMPS,Sep 2017,1400,2
Alandi,CA,MB,Digital,IMPS,Oct 2017,4000,2
PULLIYAKULAM ROAD   COIMBATORE,CA,MB,Digital,IMPS,Oct 2017,12600,2
CHINCHWAD  PUNE BRANCH,CA,MB,Digital,IMPS,Sep 2017,53000,2
CBD BELAPUR,CA,MB,Digital,IMPS,Oct 2017,3010,2
Alandi,CA,MB,Digital,IMPS,Sep 2017,24500,1
NAVRANGPURA  AHMEDABAD,CA,MB,Digital,IMPS,Aug 2017,4980,3
KAMRAJ NAGAR  PUDUCHERRY,CA,MB,Digital,IMPS,Oct 2017,9740,2
CBD BELAPUR,CA,NEFT/IMPS/RTGS,Branch,RTGS,Sep 2017,8825000,17
CHINCHWAD  PUNE BRANCH,CA,NEFT/IMPS/RTGS,Branch,RTGS,Oct 2017,16488578,24
CHINCHWAD  PUNE BRANCH,CA,MB,Digital,RTGS,Sep 2017,1897923,6
CENTRAL BACK OFFICE  BELAPUR,CA,NEFT/IMPS/RTGS,Branch,RTGS,Oct 2017,4167344,13
CHINCHWAD  PUNE BRANCH,CA,NEFT/IMPS/RTGS,Branch,RTGS,Sep 2017,17375652,31
CHINCHWAD  PUNE BRANCH,CA,MB,Digital,RTGS,Oct 2017,3625750,10
CBD BELAPUR,CA,NEFT/IMPS/RTGS,Branch,RTGS,Oct 2017,850000,2
NAVRANGPURA  AHMEDABAD,CA,MB,Digital,RTGS,Sep 2017,750000,2
CBD BELAPUR,CA,NEFT/IMPS/RTGS,Branch,RTGS,Aug 2017,600000,1
CHINCHWAD  PUNE BRANCH,CA,NEFT/IMPS/RTGS,Branch,RTGS,Aug 2017,5120157,11
CHINCHWAD  PUNE BRANCH,CA,MB,Digital,RTGS,Aug 2017,3741675,11
NAVRANGPURA  AHMEDABAD,CA,NEFT/IMPS/RTGS,Branch,RTGS,Sep 2017,1105000,3
KOTHRUD PUNE BRANCH,CA,NEFT/IMPS/RTGS,Branch,RTGS,Sep 2017,213400,1
NAVRANGPURA  AHMEDABAD,CA,NEFT/IMPS/RTGS,Branch,RTGS,Oct 2017,3900000,4
NAVRANGPURA  AHMEDABAD,CA,NEFT/IMPS/RTGS,Branch,RTGS,Jul 2017,250000,1
CHINCHWAD  PUNE BRANCH,CA,MB,Digital,RTGS,Jun 2017,1043018,3
CHINCHWAD  PUNE BRANCH,CA,NEFT/IMPS/RTGS,Branch,RTGS,Jul 2017,240000,1
KOTHRUD PUNE BRANCH,CA,NEFT/IMPS/RTGS,Branch,RTGS,Aug 2017,400000,1
CHINCHWAD  PUNE BRANCH,CA,NEFT/IMPS/RTGS,Branch,RTGS,Jun 2017,2919114,1
T. NAGAR  CHENNAI,CA,NEFT/IMPS/RTGS,Branch,RTGS,Aug 2017,400000,1
CBD BELAPUR,SA,ATMWithdOffUs,Branch,,Sep 2017,1125000,410
CBD BELAPUR,SA,ATMWithdOffUs,Branch,,Oct 2017,1387800,545
CBD BELAPUR,SA,POS,Digital,,Sep 2017,436184.5,388
CHINCHWAD  PUNE BRANCH,SA,ATMWithdOffUs,Branch,,Sep 2017,465000,109
CBD BELAPUR,SA,POS,Digital,,Oct 2017,715241.8,545
THANE BRANCH,SA,POS,Digital,,Sep 2017,59684,51
Varale,SA,ATMWithdOffUs,Branch,,Oct 2017,518200,141
Alandi,SA,ATMWithdOffUs,Branch,,Oct 2017,382500,88
KOTHRUD PUNE BRANCH,SA,ATMWithdOffUs,Branch,,Aug 2017,174000,58
Alandi,SA,POS,Digital,,Oct 2017,69060.1,54
T. NAGAR  CHENNAI,SA,POS,Digital,,Sep 2017,80008.92,66
Varale,SA,POS,Digital,,Oct 2017,62709.52,71
SADASHIV PETH   PUNE,SA,POS,Digital,,Sep 2017,44887.38,54
SADASHIV PETH   PUNE,SA,ATMWithdOffUs,Branch,,Aug 2017,218100,57
KOTHRUD PUNE BRANCH,SA,ATMWithdOffUs,Branch,,Oct 2017,273000,131
CHINCHWAD  PUNE BRANCH,SA,POS,Digital,,Aug 2017,71186.19,71
CHINCHWAD  PUNE BRANCH,SA,ATMWithdOffUs,Branch,,Aug 2017,160400,54
SADASHIV PETH   PUNE,SA,ATMWithdOffUs,Branch,,Sep 2017,202300,89
CHINCHWAD  PUNE BRANCH,SA,POS,Digital,,Sep 2017,104022.3,85
KOTHRUD PUNE BRANCH,SA,POS,Digital,,Sep 2017,96302.29,90
THANE BRANCH,SA,POS,Digital,,Aug 2017,13727.81,24
NEW PALASIA,SA,POS,Digital,,Sep 2017,37819.2,59
CHINCHWAD  PUNE BRANCH,SA,ATMWithdOffUs,Branch,,Oct 2017,1265700,222
THANE BRANCH,SA,ATMWithdOffUs,Branch,,Sep 2017,303800,80
CHINCHWAD  PUNE BRANCH,SA,ATMWithdOnUs,Branch,,Aug 2017,73200,31
Wadachiwadi,SA,ATMWithdOffUs,Branch,,Sep 2017,193700,63
PULLIYAKULAM ROAD   COIMBATORE,SA,ATMWithdOffUs,Branch,,Sep 2017,124100,51
CBD BELAPUR,SA,ATMWithdOnUs,Branch,,Sep 2017,387900,101
NEW PALASIA,SA,ATMWithdOnUs,Branch,,Oct 2017,88900,30
THILLAI NAGAR  MN.RD.   TIRUCHIIRAPPALLI,SA,ATMWithdOnUs,Branch,,Aug 2017,50200,8
CHINCHWAD  PUNE BRANCH,SA,ATMWithdOnUs,Branch,,Oct 2017,259600,43
CHINCHWAD  PUNE BRANCH,SA,POS,Digital,,Oct 2017,278049.9,117
CBD BELAPUR,SA,POS,Digital,,Aug 2017,184146,156
CBD BELAPUR,SA,ATMWithdOnUs,Branch,,Oct 2017,647200,142
Varale,SA,ATMWithdOffUs,Branch,,Sep 2017,277200,76
KOTHRUD PUNE BRANCH,SA,POS,Digital,,Aug 2017,67507.42,69
Wadachiwadi,SA,POS,Digital,,Sep 2017,44818.68,40
CHEMBUR BRANCH,SA,ATMWithdOffUs,Branch,,Sep 2017,61400,23
NEW PALASIA,SA,ATMWithdOffUs,Branch,,Aug 2017,124500,30
KOTHRUD PUNE BRANCH,SA,ATMWithdOnUs,Branch,,Aug 2017,83700,33
CBD BELAPUR,SA,ATMWithdOffUs,Branch,,Aug 2017,543900,154
NAVRANGPURA  AHMEDABAD,SA,ATMWithdOffUs,Branch,,Aug 2017,72500,29
KOTHRUD PUNE BRANCH,SA,POS,Digital,,Oct 2017,78841.77,88
THILLAI NAGAR  MN.RD.   TIRUCHIIRAPPALLI,SA,ATMWithdOffUs,Branch,,Aug 2017,34700,12
KOTHRUD PUNE BRANCH,SA,ATMWithdOnUs,Branch,,Oct 2017,236600,60
CHEMBUR BRANCH,SA,ATMWithdOnUs,Branch,,Oct 2017,17100,13
CHEMBUR BRANCH,SA,POS,Digital,,Oct 2017,20329.9,39
T. NAGAR  CHENNAI,SA,ATMWithdOffUs,Branch,,Oct 2017,202100,61
NEW PALASIA,SA,ATMWithdOffUs,Branch,,Sep 2017,131600,59
T. NAGAR  CHENNAI,SA,ATMWithdOffUs,Branch,,Sep 2017,137700,45
Varale,SA,POS,Digital,,Sep 2017,52448.47,55
T. NAGAR  CHENNAI,SA,POS,Digital,,Oct 2017,126116,55
Alandi,SA,ATMWithdOffUs,Branch,,Sep 2017,604800,86
PULLIYAKULAM ROAD   COIMBATORE,SA,ATMWithdOffUs,Branch,,Aug 2017,21200,12
NEW PALASIA,SA,ATMWithdOnUs,Branch,,Aug 2017,8700,7
MHALUNGE BUS STOP  PUNE,SA,ATMWithdOnUs,Branch,,Sep 2017,11500,5
Varale,SA,POS,Digital,,Aug 2017,23351.64,35
CHEMBUR BRANCH,SA,ATMWithdOffUs,Branch,,Aug 2017,114800,25
THANE BRANCH,SA,ATMWithdOffUs,Branch,,Oct 2017,161100,75
KOTHRUD PUNE BRANCH,SA,ATMWithdOnUs,Branch,,Sep 2017,162700,58
KOTHRUD PUNE BRANCH,SA,ATMWithdOffUs,Branch,,Sep 2017,177300,72
KAMRAJ NAGAR  PUDUCHERRY,SA,ATMWithdOffUs,Branch,,Aug 2017,50700,27
KAMRAJ NAGAR  PUDUCHERRY,SA,ATMWithdOffUs,Branch,,Oct 2017,402700,96
KAMRAJ NAGAR  PUDUCHERRY,SA,POS,Digital,,Oct 2017,123434.6,74
KAMRAJ NAGAR  PUDUCHERRY,SA,ATMWithdOnUs,Branch,,Oct 2017,164600,43
KAMRAJ NAGAR  PUDUCHERRY,SA,POS,Digital,,Aug 2017,48094.85,45
Wadachiwadi,SA,ATMWithdOnUs,Branch,,Sep 2017,6000,2
CHEMBUR BRANCH,SA,POS,Digital,,Sep 2017,15184.93,29
PULLIYAKULAM ROAD   COIMBATORE,SA,ATMWithdOffUs,Branch,,Oct 2017,175000,73
Alandi,SA,POS,Digital,,Sep 2017,30467.96,30
Wadachiwadi,SA,ATMWithdOffUs,Branch,,Oct 2017,275500,134
NAVRANGPURA  AHMEDABAD,SA,ATMWithdOnUs,Branch,,Oct 2017,22900,10
MHALUNGE BUS STOP  PUNE,SA,ATMWithdOffUs,Branch,,Oct 2017,126000,49
MHALUNGE BUS STOP  PUNE,SA,POS,Digital,,Oct 2017,13641.54,21
SADASHIV PETH   PUNE,SA,ATMWithdOnUs,Branch,,Sep 2017,27900,19
THANE BRANCH,SA,POS,Digital,,Oct 2017,89864.13,59
SADASHIV PETH   PUNE,SA,ATMWithdOnUs,Branch,,Oct 2017,110300,26
THANE BRANCH,SA,ATMWithdOnUs,Branch,,Oct 2017,67500,23
T. NAGAR  CHENNAI,SA,ATMWithdOnUs,Branch,,Oct 2017,355100,34
Alandi,SA,ATMWithdOffUs,Branch,,Aug 2017,18500,6
MHALUNGE BUS STOP  PUNE,SA,ATMWithdOffUs,Branch,,Sep 2017,62300,29
Varale,SA,ATMWithdOffUs,Branch,,Aug 2017,164700,52
SADASHIV PETH   PUNE,SA,POS,Digital,,Aug 2017,16745.09,28
SADASHIV PETH   PUNE,SA,ATMWithdOnUs,Branch,,Aug 2017,36900,16
Alandi,SA,POS,Digital,,Aug 2017,1618.54,8
PULLIYAKULAM ROAD   COIMBATORE,SA,POS,Digital,,Oct 2017,67580.03,53
PULLIYAKULAM ROAD   COIMBATORE,SA,ATMWithdOnUs,Branch,,Aug 2017,13600,6
T. NAGAR  CHENNAI,SA,ATMWithdOffUs,Branch,,Aug 2017,89300,29
T. NAGAR  CHENNAI,SA,ATMWithdOnUs,Branch,,Aug 2017,7100,9
NAVRANGPURA  AHMEDABAD,SA,POS,Digital,,Sep 2017,4214.8,14
Wadachiwadi,SA,POS,Digital,,Oct 2017,92358.84,67
CBD BELAPUR,SA,ATMWithdOnUs,Branch,,Aug 2017,61800,50
SADASHIV PETH   PUNE,SA,POS,Digital,,Oct 2017,70463.7,78
SADASHIV PETH   PUNE,SA,ATMWithdOffUs,Branch,,Oct 2017,262000,153
KAMRAJ NAGAR  PUDUCHERRY,SA,ATMWithdOffUs,Branch,,Sep 2017,189400,56
NEW PALASIA,SA,ATMWithdOnUs,Branch,,Sep 2017,19500,12
CHINCHWAD  PUNE BRANCH,SA,ATMWithdOnUs,Branch,,Sep 2017,154500,55
KAMRAJ NAGAR  PUDUCHERRY,SA,ATMWithdOnUs,Branch,,Sep 2017,72400,16
KAMRAJ NAGAR  PUDUCHERRY,SA,POS,Digital,,Sep 2017,97230.86,54
THANE BRANCH,SA,ATMWithdOnUs,Branch,,Sep 2017,52900,8
NEW PALASIA,SA,ATMWithdOffUs,Branch,,Oct 2017,125600,84
NAVRANGPURA  AHMEDABAD,SA,ATMWithdOffUs,Branch,,Sep 2017,14700,12
THILLAI NAGAR  MN.RD.   TIRUCHIIRAPPALLI,SA,ATMWithdOffUs,Branch,,Sep 2017,101700,52
PULLIYAKULAM ROAD   COIMBATORE,SA,ATMWithdOnUs,Branch,,Oct 2017,203100,43
NEW PALASIA,SA,POS,Digital,,Aug 2017,28550.92,21
THILLAI NAGAR  MN.RD.   TIRUCHIIRAPPALLI,SA,ATMWithdOnUs,Branch,,Oct 2017,38700,16
CHEMBUR BRANCH,SA,ATMWithdOffUs,Branch,,Oct 2017,122800,42
Alandi,SA,ATMWithdOnUs,Branch,,Aug 2017,2000,1
PULLIYAKULAM ROAD   COIMBATORE,SA,ATMWithdOnUs,Branch,,Sep 2017,184900,40
THILLAI NAGAR  MN.RD.   TIRUCHIIRAPPALLI,SA,ATMWithdOffUs,Branch,,Oct 2017,131700,86
THILLAI NAGAR  MN.RD.   TIRUCHIIRAPPALLI,SA,POS,Digital,,Oct 2017,18736.42,27
PULLIYAKULAM ROAD   COIMBATORE,SA,POS,Digital,,Sep 2017,44988.3,26
Alandi,SA,ATMWithdOnUs,Branch,,Oct 2017,500,1
NEW PALASIA,SA,POS,Digital,,Oct 2017,26196.4,66
MHALUNGE BUS STOP  PUNE,SA,POS,Digital,,Sep 2017,9126.25,12
CHEMBUR BRANCH,SA,ATMWithdOnUs,Branch,,Aug 2017,2800,2
CHEMBUR BRANCH,SA,POS,Digital,,Aug 2017,4630.66,13
TAMBARAM  CHENNAI,SA,POS,Digital,,Oct 2017,1505,3
TAMBARAM  CHENNAI,SA,ATMWithdOffUs,Branch,,Oct 2017,1900,2
TAMBARAM  CHENNAI,SA,ATMWithdOnUs,Branch,,Oct 2017,25500,3
THILLAI NAGAR  MN.RD.   TIRUCHIIRAPPALLI,SA,ATMWithdOnUs,Branch,,Sep 2017,58200,19
NAVRANGPURA  AHMEDABAD,SA,ATMWithdOffUs,Branch,,Oct 2017,111000,49
MHALUNGE BUS STOP  PUNE,SA,ATMWithdOffUs,Branch,,Aug 2017,72200,28
MHALUNGE BUS STOP  PUNE,SA,ATMWithdOnUs,Branch,,Aug 2017,20000,4
MHALUNGE BUS STOP  PUNE,SA,POS,Digital,,Aug 2017,4254.52,12
T. NAGAR  CHENNAI,SA,POS,Digital,,Aug 2017,39011.81,57
PULLIYAKULAM ROAD   COIMBATORE,SA,POS,Digital,,Aug 2017,3277,6
KAMRAJ NAGAR  PUDUCHERRY,SA,ATMWithdOnUs,Branch,,Aug 2017,34400,19
Alandi,SA,ATMWithdOnUs,Branch,,Sep 2017,10000,1
THANE BRANCH,SA,ATMWithdOffUs,Branch,,Aug 2017,51100,27
Wadachiwadi,SA,ATMWithdOffUs,Branch,,Aug 2017,51000,16
NAVRANGPURA  AHMEDABAD,SA,ATMWithdOnUs,Branch,,Aug 2017,3200,4
T. NAGAR  CHENNAI,SA,ATMWithdOnUs,Branch,,Sep 2017,77400,32
NAVRANGPURA  AHMEDABAD,SA,POS,Digital,,Aug 2017,4511,13
Wadachiwadi,SA,POS,Digital,,Aug 2017,16626.35,21
THANE BRANCH,SA,ATMWithdOnUs,Branch,,Aug 2017,7500,8
NAVRANGPURA  AHMEDABAD,SA,ATMWithdOnUs,Branch,,Sep 2017,15500,8
THILLAI NAGAR  MN.RD.   TIRUCHIIRAPPALLI,SA,POS,Digital,,Sep 2017,3421.43,6
CHEMBUR BRANCH,SA,ATMWithdOnUs,Branch,,Sep 2017,1800,6
THILLAI NAGAR  MN.RD.   TIRUCHIIRAPPALLI,SA,POS,Digital,,Aug 2017,15303,5
NERUL BRANCH,SA,ATMWithdOffUs,Branch,,Oct 2017,5000,1
CBD BELAPUR,SA,ATMWithdOffUs,Branch,,Jul 2017,369300,97
CBD BELAPUR,SA,ATMWithdOnUs,Branch,,Jul 2017,121100,37
CBD BELAPUR,SA,POS,Digital,,Jul 2017,196465,110
CBD BELAPUR,SA,ATMWithdOffUs,Branch,,Jun 2017,106300,34
CBD BELAPUR,SA,POS,Digital,,Jun 2017,63972.62,74
KAMRAJ NAGAR  PUDUCHERRY,SA,ATMWithdOnUs,Branch,,Jun 2017,6300,9
NAVRANGPURA  AHMEDABAD,SA,ATMWithdOnUs,Branch,,Jun 2017,9300,9
NAVRANGPURA  AHMEDABAD,SA,ATMWithdOffUs,Branch,,Jul 2017,64000,24
NEW PALASIA,SA,ATMWithdOffUs,Branch,,Jun 2017,54200,19
NEW PALASIA,SA,ATMWithdOnUs,Branch,,Jun 2017,7500,6
NEW PALASIA,SA,POS,Digital,,Jun 2017,100,1
CHINCHWAD  PUNE BRANCH,SA,ATMWithdOffUs,Branch,,Jul 2017,309400,73
NAVRANGPURA  AHMEDABAD,SA,ATMWithdOnUs,Branch,,Jul 2017,14300,9
CHINCHWAD  PUNE BRANCH,SA,ATMWithdOnUs,Branch,,Jun 2017,62300,18
CHINCHWAD  PUNE BRANCH,SA,POS,Digital,,Jun 2017,9644.2,15
CHINCHWAD  PUNE BRANCH,SA,ATMWithdOffUs,Branch,,Jun 2017,109700,23
CHEMBUR BRANCH,SA,ATMWithdOffUs,Branch,,Jun 2017,89900,22
KAMRAJ NAGAR  PUDUCHERRY,SA,POS,Digital,,Jul 2017,22109.62,31
KAMRAJ NAGAR  PUDUCHERRY,SA,ATMWithdOffUs,Branch,,Jul 2017,45500,17
KOTHRUD PUNE BRANCH,SA,ATMWithdOnUs,Branch,,Jul 2017,27200,22
KAMRAJ NAGAR  PUDUCHERRY,SA,ATMWithdOnUs,Branch,,Jul 2017,23400,16
THANE BRANCH,SA,ATMWithdOffUs,Branch,,Jul 2017,18100,11
CHEMBUR BRANCH,SA,POS,Digital,,Jul 2017,6358.4,11
CBD BELAPUR,SA,ATMWithdOnUs,Branch,,Jun 2017,139200,26
THANE BRANCH,SA,ATMWithdOffUs,Branch,,Jun 2017,40600,27
T. NAGAR  CHENNAI,SA,POS,Digital,,Jul 2017,42818.84,46
CHINCHWAD  PUNE BRANCH,SA,POS,Digital,,Jul 2017,23978.96,44
PULLIYAKULAM ROAD   COIMBATORE,SA,POS,Digital,,Jul 2017,10166,11
NAVRANGPURA  AHMEDABAD,SA,POS,Digital,,Oct 2017,12258.15,26
PULLIYAKULAM ROAD   COIMBATORE,SA,ATMWithdOffUs,Branch,,Jul 2017,58000,25
KOTHRUD PUNE BRANCH,SA,ATMWithdOffUs,Branch,,Jul 2017,90800,33
KOTHRUD PUNE BRANCH,SA,POS,Digital,,Jul 2017,23750.6,19
T. NAGAR  CHENNAI,SA,ATMWithdOffUs,Branch,,Jul 2017,7000,9
T. NAGAR  CHENNAI,SA,ATMWithdOnUs,Branch,,Jul 2017,4900,8
NERUL BRANCH,SA,POS,Digital,,Oct 2017,9686.98,5
NERUL BRANCH,SA,ATMWithdOnUs,Branch,,Oct 2017,9500,3
THANE BRANCH,SA,ATMWithdOnUs,Branch,,Jun 2017,8300,3
KAMRAJ NAGAR  PUDUCHERRY,SA,ATMWithdOffUs,Branch,,Jun 2017,25700,7
MHALUNGE BUS STOP  PUNE,SA,ATMWithdOffUs,Branch,,Jun 2017,23300,14
MHALUNGE BUS STOP  PUNE,SA,ATMWithdOnUs,Branch,,Oct 2017,1000,1
KOTHRUD PUNE BRANCH,SA,POS,Digital,,Jun 2017,3311,7
SADASHIV PETH   PUNE,SA,ATMWithdOffUs,Branch,,Jun 2017,102000,24
CHEMBUR BRANCH,SA,POS,Digital,,Jun 2017,1174,2
PULLIYAKULAM ROAD   COIMBATORE,SA,ATMWithdOnUs,Branch,,Jul 2017,143100,23
KOTHRUD PUNE BRANCH,SA,ATMWithdOnUs,Branch,,Jun 2017,21400,10
KAMRAJ NAGAR  PUDUCHERRY,SA,POS,Digital,,Jun 2017,11283.86,11
PULLIYAKULAM ROAD   COIMBATORE,SA,ATMWithdOnUs,Branch,,Jun 2017,2000,1
SADASHIV PETH   PUNE,SA,ATMWithdOnUs,Branch,,Jun 2017,38100,9
SADASHIV PETH   PUNE,SA,POS,Digital,,Jun 2017,3669,6
CHEMBUR BRANCH,SA,ATMWithdOnUs,Branch,,Jun 2017,42800,9
CHEMBUR BRANCH,SA,ATMWithdOffUs,Branch,,Jul 2017,245500,49
NEW PALASIA,SA,ATMWithdOffUs,Branch,,Jul 2017,53400,31
NEW PALASIA,SA,POS,Digital,,Jul 2017,5349.39,10
SADASHIV PETH   PUNE,SA,ATMWithdOnUs,Branch,,Jul 2017,14400,7
THANE BRANCH,SA,POS,Digital,,Jul 2017,1843.9,7
CHEMBUR BRANCH,SA,ATMWithdOnUs,Branch,,Jul 2017,20500,3
CHINCHWAD  PUNE BRANCH,SA,ATMWithdOnUs,Branch,,Jul 2017,42700,16
THILLAI NAGAR  MN.RD.   TIRUCHIIRAPPALLI,SA,POS,Digital,,Jul 2017,580,4
THILLAI NAGAR  MN.RD.   TIRUCHIIRAPPALLI,SA,ATMWithdOnUs,Branch,,Jul 2017,2700,2
NEW PALASIA,SA,ATMWithdOnUs,Branch,,Jul 2017,4800,3
SADASHIV PETH   PUNE,SA,ATMWithdOffUs,Branch,,Jul 2017,63500,21
SADASHIV PETH   PUNE,SA,POS,Digital,,Jul 2017,13093,10
THANE BRANCH,SA,ATMWithdOnUs,Branch,,Jul 2017,500,2
THILLAI NAGAR  MN.RD.   TIRUCHIIRAPPALLI,SA,ATMWithdOffUs,Branch,,Jul 2017,11900,6
MHALUNGE BUS STOP  PUNE,SA,POS,Digital,,Jul 2017,1590,7
MHALUNGE BUS STOP  PUNE,SA,ATMWithdOffUs,Branch,,Jul 2017,31700,15
MHALUNGE BUS STOP  PUNE,SA,ATMWithdOnUs,Branch,,Jul 2017,200,1
Wadachiwadi,SA,ATMWithdOnUs,Branch,,Oct 2017,3000,3
NAVRANGPURA  AHMEDABAD,SA,POS,Digital,,Jul 2017,229,2
THANE BRANCH,SA,POS,Digital,,Jun 2017,312.55,2
KOTHRUD PUNE BRANCH,SA,ATMWithdOffUs,Branch,,Jun 2017,2500,3
T. NAGAR  CHENNAI,SA,POS,Digital,,Jun 2017,1760.8,4
MHALUNGE BUS STOP  PUNE,SA,POS,Digital,,Jun 2017,1040,3
MHALUNGE BUS STOP  PUNE,SA,ATMWithdOnUs,Branch,,Jun 2017,500,1
T. NAGAR  CHENNAI,SA,ATMWithdOffUs,Branch,,Jun 2017,4000,3
PULLIYAKULAM ROAD   COIMBATORE,SA,ATMWithdOffUs,Branch,,Jun 2017,1500,2
T. NAGAR  CHENNAI,SA,ATMWithdOnUs,Branch,,Jun 2017,5000,1
CHINCHWAD  PUNE BRANCH,CA,POS,Digital,,Jul 2017,47248,23
MHALUNGE BUS STOP  PUNE,CA,ATMWithdOffUs,Branch,,Oct 2017,59000,19
MHALUNGE BUS STOP  PUNE,CA,POS,Digital,,Oct 2017,64173.64,38
Varale,CA,POS,Digital,,Oct 2017,13216,25
KOTHRUD PUNE BRANCH,CA,ATMWithdOffUs,Branch,,Jul 2017,33000,6
MHALUNGE BUS STOP  PUNE,CA,ATMWithdOnUs,Branch,,Oct 2017,5000,1
KOTHRUD PUNE BRANCH,CA,ATMWithdOnUs,Branch,,Sep 2017,7300,4
PULLIYAKULAM ROAD   COIMBATORE,CA,ATMWithdOnUs,Branch,,Oct 2017,20100,2
PULLIYAKULAM ROAD   COIMBATORE,CA,ATMWithdOffUs,Branch,,Oct 2017,83000,17
CHINCHWAD  PUNE BRANCH,CA,POS,Digital,,Oct 2017,134149.5,96
THILLAI NAGAR  MN.RD.   TIRUCHIIRAPPALLI,CA,ATMWithdOnUs,Branch,,Sep 2017,0,4
Wadachiwadi,CA,ATMWithdOffUs,Branch,,Sep 2017,67200,23
THILLAI NAGAR  MN.RD.   TIRUCHIIRAPPALLI,CA,ATMWithdOffUs,Branch,,Oct 2017,32000,4
CHINCHWAD  PUNE BRANCH,CA,ATMWithdOffUs,Branch,,Oct 2017,862100,199
CHINCHWAD  PUNE BRANCH,CA,ATMWithdOffUs,Branch,,Jul 2017,163500,31
KOTHRUD PUNE BRANCH,CA,POS,Digital,,Jul 2017,18363.54,6
NEW PALASIA,CA,ATMWithdOnUs,Branch,,Oct 2017,5000,1
THILLAI NAGAR  MN.RD.   TIRUCHIIRAPPALLI,CA,ATMWithdOffUs,Branch,,Sep 2017,1500,3
CBD BELAPUR,CA,ATMWithdOffUs,Branch,,Oct 2017,11900,8
CHINCHWAD  PUNE BRANCH,CA,ATMWithdOnUs,Branch,,Jul 2017,42600,8
Wadachiwadi,CA,POS,Digital,,Oct 2017,49162,23
CHINCHWAD  PUNE BRANCH,CA,ATMWithdOnUs,Branch,,Oct 2017,257000,26
Wadachiwadi,CA,ATMWithdOffUs,Branch,,Oct 2017,104700,36
CHINCHWAD  PUNE BRANCH,CA,POS,Digital,,Sep 2017,47627.54,58
KOTHRUD PUNE BRANCH,CA,ATMWithdOnUs,Branch,,Oct 2017,21000,11
MHALUNGE BUS STOP  PUNE,CA,POS,Digital,,Sep 2017,6308.46,6
CHINCHWAD  PUNE BRANCH,CA,ATMWithdOnUs,Branch,,Sep 2017,78000,28
CHINCHWAD  PUNE BRANCH,CA,ATMWithdOffUs,Branch,,Sep 2017,654100,136
MHALUNGE BUS STOP  PUNE,CA,ATMWithdOnUs,Branch,,Sep 2017,1000,1
KOTHRUD PUNE BRANCH,CA,ATMWithdOffUs,Branch,,Oct 2017,54700,29
NEW PALASIA,CA,ATMWithdOffUs,Branch,,Oct 2017,9500,3
Varale,CA,ATMWithdOffUs,Branch,,Oct 2017,183400,55
CBD BELAPUR,CA,POS,Digital,,Oct 2017,21991,15
CBD BELAPUR,CA,ATMWithdOffUs,Branch,,Sep 2017,192900,28
THANE BRANCH,CA,POS,Digital,,Sep 2017,3102.6,2
THANE BRANCH,CA,ATMWithdOffUs,Branch,,Sep 2017,20900,5
NAVRANGPURA  AHMEDABAD,CA,ATMWithdOnUs,Branch,,Sep 2017,21000,7
KOTHRUD PUNE BRANCH,CA,ATMWithdOffUs,Branch,,Sep 2017,34700,23
KOTHRUD PUNE BRANCH,CA,POS,Digital,,Sep 2017,3165,7
Wadachiwadi,CA,POS,Digital,,Sep 2017,1359.54,6
Wadachiwadi,CA,ATMWithdOnUs,Branch,,Sep 2017,7000,1
Varale,CA,ATMWithdOffUs,Branch,,Sep 2017,100200,20
Varale,CA,POS,Digital,,Sep 2017,15465.76,16
CBD BELAPUR,CA,POS,Digital,,Sep 2017,4632.08,7
NAVRANGPURA  AHMEDABAD,CA,POS,Digital,,Sep 2017,6300,6
NAVRANGPURA  AHMEDABAD,CA,ATMWithdOffUs,Branch,,Sep 2017,64800,13
CBD BELAPUR,CA,ATMWithdOnUs,Branch,,Sep 2017,900,1
SADASHIV PETH   PUNE,CA,ATMWithdOffUs,Branch,,Oct 2017,4000,6
CHEMBUR BRANCH,CA,ATMWithdOffUs,Branch,,Sep 2017,40000,18
CHEMBUR BRANCH,CA,POS,Digital,,Sep 2017,3500,1
SADASHIV PETH   PUNE,CA,POS,Digital,,Oct 2017,2389,4
KOTHRUD PUNE BRANCH,CA,ATMWithdOnUs,Branch,,Jul 2017,3500,2
KOTHRUD PUNE BRANCH,CA,POS,Digital,,Aug 2017,25732.71,11
KOTHRUD PUNE BRANCH,CA,ATMWithdOnUs,Branch,,Aug 2017,18800,16
KOTHRUD PUNE BRANCH,CA,ATMWithdOffUs,Branch,,Aug 2017,51100,26
CHINCHWAD  PUNE BRANCH,CA,ATMWithdOnUs,Branch,,Aug 2017,70200,26
CHEMBUR BRANCH,CA,ATMWithdOffUs,Branch,,Aug 2017,1000,1
CHINCHWAD  PUNE BRANCH,CA,ATMWithdOffUs,Branch,,Aug 2017,386900,76
CBD BELAPUR,CA,ATMWithdOffUs,Branch,,Aug 2017,27500,4
CHINCHWAD  PUNE BRANCH,CA,POS,Digital,,Aug 2017,16341.18,32
PULLIYAKULAM ROAD   COIMBATORE,CA,POS,Digital,,Jul 2017,1184,1
PULLIYAKULAM ROAD   COIMBATORE,CA,ATMWithdOffUs,Branch,,Jul 2017,3200,4
CBD BELAPUR,CA,POS,Digital,,Aug 2017,100,1
THANE BRANCH,CA,POS,Digital,,Oct 2017,5496.32,7
THANE BRANCH,CA,ATMWithdOffUs,Branch,,Oct 2017,13100,6
CHINCHWAD  PUNE BRANCH,CA,ATMWithdOffUs,Branch,,Jun 2017,121000,23
KOTHRUD PUNE BRANCH,CA,ATMWithdOffUs,Branch,,Jun 2017,32000,5
CHINCHWAD  PUNE BRANCH,CA,POS,Digital,,Jun 2017,47956.18,14
CHINCHWAD  PUNE BRANCH,CA,ATMWithdOnUs,Branch,,Jun 2017,5600,3
KOTHRUD PUNE BRANCH,CA,ATMWithdOnUs,Branch,,Jun 2017,300,2
CHEMBUR BRANCH,CA,ATMWithdOffUs,Branch,,Oct 2017,13300,9
KOTHRUD PUNE BRANCH,CA,POS,Digital,,Oct 2017,8388,17
Alandi,CA,POS,Digital,,Oct 2017,2385,5
Alandi,CA,ATMWithdOffUs,Branch,,Oct 2017,2000,4
PULLIYAKULAM ROAD   COIMBATORE,CA,POS,Digital,,Oct 2017,613.28,4
CBD BELAPUR,CA,ATMWithdOnUs,Branch,,Oct 2017,5000,2
Wadachiwadi,CA,POS,Digital,,Aug 2017,920,3
CBD BELAPUR,CA,ATMWithdOnUs,Branch,,Jul 2017,500,1
NAVRANGPURA  AHMEDABAD,CA,ATMWithdOffUs,Branch,,Oct 2017,17400,5
PULLIYAKULAM ROAD   COIMBATORE,CA,ATMWithdOnUs,Branch,,Sep 2017,10100,2
SADASHIV PETH   PUNE,CA,ATMWithdOffUs,Branch,,Sep 2017,15100,5
NAVRANGPURA  AHMEDABAD,CA,ATMWithdOnUs,Branch,,Oct 2017,34000,3
SADASHIV PETH   PUNE,CA,POS,Digital,,Sep 2017,255,1
KAMRAJ NAGAR  PUDUCHERRY,CA,POS,Digital,,Oct 2017,13184,1
Wadachiwadi,CA,ATMWithdOffUs,Branch,,Aug 2017,28800,13
CHEMBUR BRANCH,CA,POS,Digital,,Oct 2017,4980,1
PULLIYAKULAM ROAD   COIMBATORE,CA,ATMWithdOffUs,Branch,,Sep 2017,2000,1
NAVRANGPURA  AHMEDABAD,SA,InwardCheque,Branch,,Jul 2017,15420,2
THILLAI NAGAR  MN.RD.   TIRUCHIIRAPPALLI,SA,CashWithd,Branch,,Aug 2017,101600,6
NAVRANGPURA  AHMEDABAD,SA,CashWithd,Branch,,Sep 2017,156500,8
MHALUNGE BUS STOP  PUNE,SA,InwardCheque,Branch,,Aug 2017,71110,4
CBD BELAPUR,SA,InwardCheque,Branch,,Sep 2017,1366487,45
CBD BELAPUR,SA,CashWithd,Branch,,Jun 2017,522500,9
CHEMBUR BRANCH,SA,InwardCheque,Branch,,Aug 2017,2422580,13
CHEMBUR BRANCH,SA,InwardCheque,Branch,,Jul 2017,3301862,17
Alandi,SA,InwardCheque,Branch,,Sep 2017,355535,11
Varale,SA,CashWithd,Branch,,Aug 2017,484000,15
CHINCHWAD  PUNE BRANCH,SA,CashWithd,Branch,,Jun 2017,499500,16
THANE BRANCH,SA,CashWithd,Branch,,Jun 2017,115888,11
CBD BELAPUR,SA,InwardCheque,Branch,,Jun 2017,784268,19
Alandi,SA,CashWithd,Branch,,Aug 2017,430500,11
SADASHIV PETH   PUNE,SA,CashWithd,Branch,,Aug 2017,15500,4
KOTHRUD PUNE BRANCH,SA,CashWithd,Branch,,Jun 2017,160200,13
CBD BELAPUR,SA,InwardCheque,Branch,,Aug 2017,1205782,37
CHINCHWAD  PUNE BRANCH,SA,CashWithd,Branch,,Jul 2017,656600,22
SADASHIV PETH   PUNE,SA,InwardCheque,Branch,,Aug 2017,397101,10
THANE BRANCH,SA,InwardCheque,Branch,,Aug 2017,259792,8
CHEMBUR BRANCH,SA,InwardCheque,Branch,,Sep 2017,742111,12
THANE BRANCH,SA,CashWithd,Branch,,Jul 2017,78500,6
CHEMBUR BRANCH,SA,CashWithd,Branch,,Jul 2017,69200,6
SADASHIV PETH   PUNE,SA,CashWithd,Branch,,Jul 2017,40000,2
CBD BELAPUR,SA,CashWithd,Branch,,Jul 2017,72400,7
CBD BELAPUR,SA,CashWithd,Branch,,Sep 2017,540900,21
KOTHRUD PUNE BRANCH,SA,InwardCheque,Branch,,Jun 2017,454881,23
KOTHRUD PUNE BRANCH,SA,CashWithd,Branch,,Jul 2017,198000,14
CBD BELAPUR,SA,CashWithd,Branch,,Aug 2017,346800,10
MHALUNGE BUS STOP  PUNE,SA,CashWithd,Branch,,Jun 2017,9000,1
CHINCHWAD  PUNE BRANCH,SA,InwardCheque,Branch,,Sep 2017,942784,28
CHINCHWAD  PUNE BRANCH,SA,InwardCheque,Branch,,Jul 2017,388278,20
SADASHIV PETH   PUNE,SA,InwardCheque,Branch,,Jun 2017,60085,8
PULLIYAKULAM ROAD   COIMBATORE,SA,CashWithd,Branch,,Jul 2017,45500,4
Varale,SA,InwardCheque,Branch,,Aug 2017,182428,18
PULLIYAKULAM ROAD   COIMBATORE,SA,InwardCheque,Branch,,Jul 2017,285000,2
NAVRANGPURA  AHMEDABAD,SA,CashWithd,Branch,,Jul 2017,19500,2
CHINCHWAD  PUNE BRANCH,SA,InwardCheque,Branch,,Aug 2017,466377.3,10
CHINCHWAD  PUNE BRANCH,SA,CashWithd,Branch,,Sep 2017,673100,23
CHINCHWAD  PUNE BRANCH,SA,CashWithd,Branch,,Aug 2017,569500,11
CBD BELAPUR,SA,InwardCheque,Branch,,Jul 2017,1.365978e+07,22
KAMRAJ NAGAR  PUDUCHERRY,SA,InwardCheque,Branch,,Jul 2017,31975,2
NEW PALASIA,SA,CashWithd,Branch,,Sep 2017,260500,4
PULLIYAKULAM ROAD   COIMBATORE,SA,InwardCheque,Branch,,Sep 2017,2949502,14
Varale,SA,CashWithd,Branch,,Sep 2017,601500,13
CHINCHWAD  PUNE BRANCH,SA,InwardCheque,Branch,,Jun 2017,402230,10
Wadachiwadi,SA,CashWithd,Branch,,Aug 2017,43800,3
T. NAGAR  CHENNAI,SA,InwardCheque,Branch,,Aug 2017,9500,2
NEW PALASIA,SA,InwardCheque,Branch,,Sep 2017,39733,5
KOTHRUD PUNE BRANCH,SA,CashWithd,Branch,,Sep 2017,65400,11
T. NAGAR  CHENNAI,SA,CashWithd,Branch,,Aug 2017,125500,4
T. NAGAR  CHENNAI,SA,CashWithd,Branch,,Jul 2017,30900,5
NEW PALASIA,SA,InwardCheque,Branch,,Jun 2017,50000,1
KOTHRUD PUNE BRANCH,SA,InwardCheque,Branch,,Jul 2017,292982,22
CHEMBUR BRANCH,SA,CashWithd,Branch,,Jun 2017,79000,5
PULLIYAKULAM ROAD   COIMBATORE,SA,InwardCheque,Branch,,Jun 2017,1330000,4
SADASHIV PETH   PUNE,SA,InwardCheque,Branch,,Jul 2017,174547,6
T. NAGAR  CHENNAI,SA,InwardCheque,Branch,,Jul 2017,32500,3
PULLIYAKULAM ROAD   COIMBATORE,SA,CashWithd,Branch,,Jun 2017,741800,10
KOTHRUD PUNE BRANCH,SA,CashWithd,Branch,,Aug 2017,473400,12
NAVRANGPURA  AHMEDABAD,SA,InwardCheque,Branch,,Aug 2017,2706024,11
KAMRAJ NAGAR  PUDUCHERRY,SA,CashWithd,Branch,,Jun 2017,9000,3
CHEMBUR BRANCH,SA,InwardCheque,Branch,,Jun 2017,297907,10
THILLAI NAGAR  MN.RD.   TIRUCHIIRAPPALLI,SA,InwardCheque,Branch,,Aug 2017,659500,7
KOTHRUD PUNE BRANCH,SA,InwardCheque,Branch,,Aug 2017,614501,20
NEW PALASIA,SA,InwardCheque,Branch,,Jul 2017,57500,3
PULLIYAKULAM ROAD   COIMBATORE,SA,CashWithd,Branch,,Aug 2017,186000,5
NAVRANGPURA  AHMEDABAD,SA,CashWithd,Branch,,Aug 2017,54500,3
THANE BRANCH,SA,CashWithd,Branch,,Aug 2017,24000,4
MHALUNGE BUS STOP  PUNE,SA,InwardCheque,Branch,,Jul 2017,30000,2
KAMRAJ NAGAR  PUDUCHERRY,SA,InwardCheque,Branch,,Aug 2017,113057,4
THANE BRANCH,SA,InwardCheque,Branch,,Jul 2017,552467,9
CHEMBUR BRANCH,SA,CashWithd,Branch,,Aug 2017,30000,1
CHEMBUR BRANCH,SA,CashWithd,Branch,,Sep 2017,107350,6
KAMRAJ NAGAR  PUDUCHERRY,SA,CashWithd,Branch,,Aug 2017,10000,1
THILLAI NAGAR  MN.RD.   TIRUCHIIRAPPALLI,SA,CashWithd,Branch,,Jul 2017,167000,2
KAMRAJ NAGAR  PUDUCHERRY,SA,CashWithd,Branch,,Sep 2017,107809,4
Alandi,SA,InwardCheque,Branch,,Aug 2017,543541,6
NAVRANGPURA  AHMEDABAD,SA,InwardCheque,Branch,,Sep 2017,5464565,16
NAVRANGPURA  AHMEDABAD,SA,CashWithd,Branch,,Jun 2017,9500,3
PULLIYAKULAM ROAD   COIMBATORE,SA,InwardCheque,Branch,,Aug 2017,220000,2
Wadachiwadi,SA,CashWithd,Branch,,Sep 2017,88000,3
T. NAGAR  CHENNAI,SA,InwardCheque,Branch,,Jun 2017,200000,1
NEW PALASIA,SA,InwardCheque,Branch,,Aug 2017,85000,3
T. NAGAR  CHENNAI,SA,CashWithd,Branch,,Jun 2017,10900,3
NEW PALASIA,SA,CashWithd,Branch,,Jun 2017,3000,1
THANE BRANCH,SA,InwardCheque,Branch,,Sep 2017,204142,12
Wadachiwadi,SA,InwardCheque,Branch,,Aug 2017,4554,1
THANE BRANCH,SA,InwardCheque,Branch,,Jun 2017,116805,6
THANE BRANCH,SA,CashWithd,Branch,,Sep 2017,88000,5
NEW PALASIA,SA,CashWithd,Branch,,Jul 2017,4350,1
Alandi,SA,CashWithd,Branch,,Sep 2017,816500,11
CHINCHWAD  PUNE BRANCH,SA,CashWithd,Branch,,Oct 2017,1279800,35
CBD BELAPUR,SA,InwardCheque,Branch,,Oct 2017,956111,40
CHINCHWAD  PUNE BRANCH,SA,InwardCheque,Branch,,Oct 2017,1446179,38
KOTHRUD PUNE BRANCH,SA,InwardCheque,Branch,,Sep 2017,318814,31
THANE BRANCH,SA,InwardCheque,Branch,,Oct 2017,115427,6
NAVRANGPURA  AHMEDABAD,SA,InwardCheque,Branch,,Oct 2017,1259961,14
Wadachiwadi,SA,InwardCheque,Branch,,Sep 2017,104679,10
CHEMBUR BRANCH,SA,InwardCheque,Branch,,Oct 2017,3205393,13
KOTHRUD PUNE BRANCH,SA,CashWithd,Branch,,Oct 2017,1152356,15
Wadachiwadi,SA,CashWithd,Branch,,Oct 2017,74900,10
T. NAGAR  CHENNAI,SA,InwardCheque,Branch,,Oct 2017,421066,16
Varale,SA,InwardCheque,Branch,,Oct 2017,91806,14
KOTHRUD PUNE BRANCH,SA,InwardCheque,Branch,,Oct 2017,326719,26
T. NAGAR  CHENNAI,SA,CashWithd,Branch,,Oct 2017,127000,4
NAVRANGPURA  AHMEDABAD,SA,CashWithd,Branch,,Oct 2017,1192500,11
MHALUNGE BUS STOP  PUNE,SA,CashWithd,Branch,,Sep 2017,57000,3
Alandi,SA,InwardCheque,Branch,,Oct 2017,584896,9
Varale,SA,CashWithd,Branch,,Oct 2017,442000,16
KAMRAJ NAGAR  PUDUCHERRY,SA,InwardCheque,Branch,,Sep 2017,68000,2
THANE BRANCH,SA,CashWithd,Branch,,Oct 2017,65000,7
SADASHIV PETH   PUNE,SA,InwardCheque,Branch,,Oct 2017,282871,5
Alandi,SA,CashWithd,Branch,,Oct 2017,945000,15
T. NAGAR  CHENNAI,SA,InwardCheque,Branch,,Sep 2017,197700,5
Varale,SA,InwardCheque,Branch,,Sep 2017,764544,15
T. NAGAR  CHENNAI,SA,CashWithd,Branch,,Sep 2017,26000,3
SADASHIV PETH   PUNE,SA,CashWithd,Branch,,Sep 2017,24700,4
NEW PALASIA,SA,InwardCheque,Branch,,Oct 2017,136171,15
NEW PALASIA,SA,CashWithd,Branch,,Oct 2017,72000,6
CBD BELAPUR,SA,CashWithd,Branch,,Oct 2017,371500,13
Wadachiwadi,SA,InwardCheque,Branch,,Oct 2017,86923,15
THILLAI NAGAR  MN.RD.   TIRUCHIIRAPPALLI,SA,CashWithd,Branch,,Oct 2017,500000,1
THILLAI NAGAR  MN.RD.   TIRUCHIIRAPPALLI,SA,InwardCheque,Branch,,Oct 2017,25800,3
MHALUNGE BUS STOP  PUNE,SA,CashWithd,Branch,,Oct 2017,16000,2
PULLIYAKULAM ROAD   COIMBATORE,SA,CashWithd,Branch,,Oct 2017,102500,5
CHEMBUR BRANCH,SA,CashWithd,Branch,,Oct 2017,25300,3
SADASHIV PETH   PUNE,SA,InwardCheque,Branch,,Sep 2017,100950,3
KAMRAJ NAGAR  PUDUCHERRY,SA,CashWithd,Branch,,Oct 2017,500000,4
KAMRAJ NAGAR  PUDUCHERRY,SA,InwardCheque,Branch,,Oct 2017,25000,1
MHALUNGE BUS STOP  PUNE,SA,InwardCheque,Branch,,Oct 2017,1213,1
SADASHIV PETH   PUNE,SA,CashWithd,Branch,,Oct 2017,36900,5
PULLIYAKULAM ROAD   COIMBATORE,SA,InwardCheque,Branch,,Oct 2017,78535,9
NERUL BRANCH,SA,InwardCheque,Branch,,Oct 2017,85528,1
PULLIYAKULAM ROAD   COIMBATORE,SA,CashWithd,Branch,,Sep 2017,755000,5
THILLAI NAGAR  MN.RD.   TIRUCHIIRAPPALLI,SA,InwardCheque,Branch,,Sep 2017,37500,3
NAVRANGPURA  AHMEDABAD,CA,InwardCheque,Branch,,Sep 2017,16270,4
CHINCHWAD  PUNE BRANCH,CA,InwardCheque,Branch,,Oct 2017,1.898324e+07,298
CHINCHWAD  PUNE BRANCH,CA,CashWithd,Branch,,Jun 2017,521500,11
CHINCHWAD  PUNE BRANCH,CA,InwardCheque,Branch,,Jun 2017,444904,12
Varale,CA,CashWithd,Branch,,Sep 2017,106355,11
CHINCHWAD  PUNE BRANCH,CA,InwardCheque,Branch,,Jul 2017,2204241,61
CHEMBUR BRANCH,CA,InwardCheque,Branch,,Jun 2017,513658,35
CHINCHWAD  PUNE BRANCH,CA,CashWithd,Branch,,Sep 2017,1097213,35
KOTHRUD PUNE BRANCH,CA,InwardCheque,Branch,,Jun 2017,113540,15
Wadachiwadi,CA,CashWithd,Branch,,Aug 2017,22000,3
CHINCHWAD  PUNE BRANCH,CA,InwardCheque,Branch,,Aug 2017,3694118,115
Wadachiwadi,CA,InwardCheque,Branch,,Aug 2017,25120,7
CHEMBUR BRANCH,CA,InwardCheque,Branch,,Jul 2017,1602630,43
SADASHIV PETH   PUNE,CA,InwardCheque,Branch,,Aug 2017,87892,5
CHINCHWAD  PUNE BRANCH,CA,CashWithd,Branch,,Oct 2017,3733433,71
CHINCHWAD  PUNE BRANCH,CA,CashWithd,Branch,,Aug 2017,457500,12
CHINCHWAD  PUNE BRANCH,CA,InwardCheque,Branch,,Sep 2017,9747241,186
KOTHRUD PUNE BRANCH,CA,CashWithd,Branch,,Jun 2017,175400,5
KOTHRUD PUNE BRANCH,CA,InwardCheque,Branch,,Aug 2017,547956,43
Varale,CA,CashWithd,Branch,,Oct 2017,99671,9
CHEMBUR BRANCH,CA,InwardCheque,Branch,,Aug 2017,414133,42
SADASHIV PETH   PUNE,CA,InwardCheque,Branch,,Jun 2017,71000,1
KOTHRUD PUNE BRANCH,CA,InwardCheque,Branch,,Jul 2017,429258,25
MHALUNGE BUS STOP  PUNE,CA,CashWithd,Branch,,Aug 2017,52000,6
MHALUNGE BUS STOP  PUNE,CA,InwardCheque,Branch,,Aug 2017,10427,3
CBD BELAPUR,CA,CashWithd,Branch,,Aug 2017,55000,2
SADASHIV PETH   PUNE,CA,InwardCheque,Branch,,Sep 2017,20883,2
CBD BELAPUR,CA,InwardCheque,Branch,,Sep 2017,1564762,14
CBD BELAPUR,CA,CashWithd,Branch,,Sep 2017,627500,10
CHEMBUR BRANCH,CA,CashWithd,Branch,,Oct 2017,9000,1
CHINCHWAD  PUNE BRANCH,CA,CashWithd,Branch,,Jul 2017,26900,4
KOTHRUD PUNE BRANCH,CA,InwardCheque,Branch,,Oct 2017,1162949,63
CBD BELAPUR,CA,InwardCheque,Branch,,Oct 2017,193555,12
MHALUNGE BUS STOP  PUNE,CA,InwardCheque,Branch,,Jul 2017,5801,1
SADASHIV PETH   PUNE,CA,CashWithd,Branch,,Oct 2017,10000,1
NAVRANGPURA  AHMEDABAD,CA,CashWithd,Branch,,Oct 2017,482500,8
NAVRANGPURA  AHMEDABAD,CA,InwardCheque,Branch,,Oct 2017,576552,18
Wadachiwadi,CA,InwardCheque,Branch,,Oct 2017,94039,17
Wadachiwadi,CA,CashWithd,Branch,,Oct 2017,303000,3
CHEMBUR BRANCH,CA,CashWithd,Branch,,Jul 2017,16000,1
KOTHRUD PUNE BRANCH,CA,CashWithd,Branch,,Jul 2017,62500,4
KOTHRUD PUNE BRANCH,CA,CashWithd,Branch,,Oct 2017,19500,3
PULLIYAKULAM ROAD   COIMBATORE,CA,CashWithd,Branch,,Oct 2017,152000,3
PULLIYAKULAM ROAD   COIMBATORE,CA,InwardCheque,Branch,,Oct 2017,2284,1
CBD BELAPUR,CA,CashWithd,Branch,,Oct 2017,365000,12
MHALUNGE BUS STOP  PUNE,CA,CashWithd,Branch,,Oct 2017,29000,2
NAVRANGPURA  AHMEDABAD,CA,CashWithd,Branch,,Jul 2017,50000,1
KOTHRUD PUNE BRANCH,CA,InwardCheque,Branch,,Sep 2017,846903,39
CHEMBUR BRANCH,CA,InwardCheque,Branch,,Oct 2017,691993,77
MHALUNGE BUS STOP  PUNE,CA,InwardCheque,Branch,,Oct 2017,10499,2
CHEMBUR BRANCH,CA,CashWithd,Branch,,Jun 2017,197000,5
Varale,CA,InwardCheque,Branch,,Oct 2017,262262,16
THANE BRANCH,CA,InwardCheque,Branch,,Oct 2017,31182,6
PULLIYAKULAM ROAD   COIMBATORE,CA,CashWithd,Branch,,Jul 2017,10000,1
PULLIYAKULAM ROAD   COIMBATORE,CA,InwardCheque,Branch,,Jul 2017,40000,4
CBD BELAPUR,CA,CashWithd,Branch,,Jul 2017,3000,1
NAVRANGPURA  AHMEDABAD,CA,CashWithd,Branch,,Sep 2017,47200,2
T. NAGAR  CHENNAI,CA,InwardCheque,Branch,,Oct 2017,2910,1
Wadachiwadi,CA,InwardCheque,Branch,,Sep 2017,215180,15
CHEMBUR BRANCH,CA,CashWithd,Branch,,Sep 2017,24000,2
MHALUNGE BUS STOP  PUNE,CA,CashWithd,Branch,,Sep 2017,104000,6
CHEMBUR BRANCH,CA,InwardCheque,Branch,,Sep 2017,815309,62
T. NAGAR  CHENNAI,CA,InwardCheque,Branch,,Sep 2017,10000,2
MHALUNGE BUS STOP  PUNE,CA,InwardCheque,Branch,,Sep 2017,55476,8
Wadachiwadi,CA,CashWithd,Branch,,Sep 2017,11000,2
Varale,CA,InwardCheque,Branch,,Sep 2017,192392,19
T. NAGAR  CHENNAI,CA,CashWithd,Branch,,Sep 2017,107000,2
THANE BRANCH,CA,CashWithd,Branch,,Sep 2017,9000,2
THANE BRANCH,CA,InwardCheque,Branch,,Sep 2017,3300,1
PULLIYAKULAM ROAD   COIMBATORE,CA,InwardCheque,Branch,,Sep 2017,8000,1
KOTHRUD PUNE BRANCH,CA,CashWithd,Branch,,Sep 2017,95000,2
THANE BRANCH,CA,CashWithd,Branch,,Oct 2017,7000,1
Varale,CA,CashWithd,Branch,,Aug 2017,22000,3
Varale,CA,InwardCheque,Branch,,Aug 2017,40000,1
PULLIYAKULAM ROAD   COIMBATORE,CA,CashWithd,Branch,,Sep 2017,5000,1
KOTHRUD PUNE BRANCH,SA,OutwardCheque,Branch,,Sep 2017,7044152,63
THANE BRANCH,SA,OutwardCheque,Branch,,Jun 2017,4800455,27
NAVRANGPURA  AHMEDABAD,SA,OutwardCheque,Branch,,Oct 2017,5187562,60
CBD BELAPUR,SA,OutwardCheque,Branch,,Oct 2017,4897147,41
THANE BRANCH,SA,OutwardCheque,Branch,,Sep 2017,5569424,37
CBD BELAPUR,SA,OutwardCheque,Branch,,Sep 2017,2346250,55
NAVRANGPURA  AHMEDABAD,SA,OutwardCheque,Branch,,Aug 2017,6268568,67
TAMBARAM  CHENNAI,SA,OutwardCheque,Branch,,Oct 2017,1064500,10
NAVRANGPURA  AHMEDABAD,SA,OutwardCheque,Branch,,Sep 2017,1.437333e+07,81
CBD BELAPUR,SA,OutwardCheque,Branch,,Jun 2017,24863802,53
PULLIYAKULAM ROAD   COIMBATORE,SA,CashDeposit,Branch,,Aug 2017,954850,25
T. NAGAR  CHENNAI,SA,OutwardCheque,Branch,,Aug 2017,18109430,73
NEW PALASIA,SA,OutwardCheque,Branch,,Sep 2017,3578130,47
T. NAGAR  CHENNAI,SA,OutwardCheque,Branch,,Sep 2017,38839764,83
CHINCHWAD  PUNE BRANCH,SA,OutwardCheque,Branch,,Jun 2017,6503744,54
Wadachiwadi,SA,CashDeposit,Branch,,Sep 2017,213800,36
CHINCHWAD  PUNE BRANCH,SA,OutwardCheque,Branch,,Oct 2017,6466561,75
Varale,SA,OutwardCheque,Branch,,Sep 2017,766498,30
KOTHRUD PUNE BRANCH,SA,OutwardCheque,Branch,,Jun 2017,4290202,36
CHEMBUR BRANCH,SA,OutwardCheque,Branch,,Jun 2017,7050569,24
THANE BRANCH,SA,CashDeposit,Branch,,Oct 2017,427950,15
Varale,SA,CashDeposit,Branch,,Sep 2017,733565,41
Alandi,SA,OutwardCheque,Branch,,Oct 2017,493609,22
Wadachiwadi,SA,OutwardCheque,Branch,,Sep 2017,901204,35
CHEMBUR BRANCH,SA,OutwardCheque,Branch,,Sep 2017,3358704,41
Alandi,SA,CashDeposit,Branch,,Oct 2017,683800,18
CBD BELAPUR,SA,OutwardCheque,Branch,,Aug 2017,4448772,41
MHALUNGE BUS STOP  PUNE,SA,CashDeposit,Branch,,Sep 2017,138200,9
CHINCHWAD  PUNE BRANCH,SA,OutwardCheque,Branch,,Sep 2017,4457970,69
THILLAI NAGAR  MN.RD.   TIRUCHIIRAPPALLI,SA,OutwardCheque,Branch,,Sep 2017,5742307,25
KOTHRUD PUNE BRANCH,SA,OutwardCheque,Branch,,Oct 2017,6757570,60
CHEMBUR BRANCH,SA,CashDeposit,Branch,,Jun 2017,689750,12
KOTHRUD PUNE BRANCH,SA,CashDeposit,Branch,,Jun 2017,579019,39
Alandi,SA,OutwardCheque,Branch,,Aug 2017,2744500,47
NAVRANGPURA  AHMEDABAD,SA,OutwardCheque,Branch,,Jun 2017,6353020,24
THILLAI NAGAR  MN.RD.   TIRUCHIIRAPPALLI,SA,OutwardCheque,Branch,,Jun 2017,1631879,19
CBD BELAPUR,SA,CashDeposit,Branch,,Jun 2017,361200,23
PULLIYAKULAM ROAD   COIMBATORE,SA,OutwardCheque,Branch,,Jun 2017,11226309,33
KOTHRUD PUNE BRANCH,SA,CashDeposit,Branch,,Oct 2017,1039940,35
NAVRANGPURA  AHMEDABAD,SA,CashDeposit,Branch,,Jun 2017,555500,8
SADASHIV PETH   PUNE,SA,OutwardCheque,Branch,,Oct 2017,976429,20
THILLAI NAGAR  MN.RD.   TIRUCHIIRAPPALLI,SA,CashDeposit,Branch,,Jun 2017,938000,11
SADASHIV PETH   PUNE,SA,OutwardCheque,Branch,,Jun 2017,805000,18
PULLIYAKULAM ROAD   COIMBATORE,SA,CashDeposit,Branch,,Jun 2017,903100,12
SADASHIV PETH   PUNE,SA,CashDeposit,Branch,,Jun 2017,350540,28
Varale,SA,OutwardCheque,Branch,,Oct 2017,8745421,33
Wadachiwadi,SA,CashDeposit,Branch,,Aug 2017,186160,15
T. NAGAR  CHENNAI,SA,OutwardCheque,Branch,,Oct 2017,10836439,70
KAMRAJ NAGAR  PUDUCHERRY,SA,OutwardCheque,Branch,,Oct 2017,5042829,29
THILLAI NAGAR  MN.RD.   TIRUCHIIRAPPALLI,SA,OutwardCheque,Branch,,Aug 2017,5961341,27
Alandi,SA,OutwardCheque,Branch,,Sep 2017,3114800,33
THANE BRANCH,SA,CashDeposit,Branch,,Jun 2017,102600,14
CHINCHWAD  PUNE BRANCH,SA,CashDeposit,Branch,,Jun 2017,1198100,18
SADASHIV PETH   PUNE,SA,OutwardCheque,Branch,,Sep 2017,338000,13
MHALUNGE BUS STOP  PUNE,SA,CashDeposit,Branch,,Oct 2017,105500,8
Wadachiwadi,SA,OutwardCheque,Branch,,Aug 2017,275750,21
NEW PALASIA,SA,OutwardCheque,Branch,,Jun 2017,1131204,23
NEW PALASIA,SA,OutwardCheque,Branch,,Oct 2017,2466510,22
Varale,SA,CashDeposit,Branch,,Oct 2017,584840,41
THILLAI NAGAR  MN.RD.   TIRUCHIIRAPPALLI,SA,OutwardCheque,Branch,,Oct 2017,6730000,20
T. NAGAR  CHENNAI,SA,CashDeposit,Branch,,Oct 2017,949550,19
MHALUNGE BUS STOP  PUNE,SA,OutwardCheque,Branch,,Jun 2017,867376,10
T. NAGAR  CHENNAI,SA,CashDeposit,Branch,,Sep 2017,834420,19
CHINCHWAD  PUNE BRANCH,SA,CashDeposit,Branch,,Oct 2017,2162800,60
CHINCHWAD  PUNE BRANCH,SA,CashDeposit,Branch,,Aug 2017,825500,26
NAVRANGPURA  AHMEDABAD,SA,CashDeposit,Branch,,Oct 2017,1306060,19
CBD BELAPUR,SA,CashDeposit,Branch,,Sep 2017,266100,17
PULLIYAKULAM ROAD   COIMBATORE,SA,OutwardCheque,Branch,,Sep 2017,5668822,37
CHINCHWAD  PUNE BRANCH,SA,OutwardCheque,Branch,,Aug 2017,2415390,48
SADASHIV PETH   PUNE,SA,CashDeposit,Branch,,Oct 2017,507764,10
KOTHRUD PUNE BRANCH,SA,OutwardCheque,Branch,,Aug 2017,2145337,46
T. NAGAR  CHENNAI,SA,OutwardCheque,Branch,,Jun 2017,544488,11
NAVRANGPURA  AHMEDABAD,SA,CashDeposit,Branch,,Aug 2017,336000,7
PULLIYAKULAM ROAD   COIMBATORE,SA,CashDeposit,Branch,,Sep 2017,608000,21
Varale,SA,OutwardCheque,Branch,,Aug 2017,1692649,33
SADASHIV PETH   PUNE,SA,CashDeposit,Branch,,Aug 2017,212990,17
Wadachiwadi,SA,CashDeposit,Branch,,Oct 2017,309450,47
THILLAI NAGAR  MN.RD.   TIRUCHIIRAPPALLI,SA,CashDeposit,Branch,,Sep 2017,1148340,17
PULLIYAKULAM ROAD   COIMBATORE,SA,CashDeposit,Branch,,Oct 2017,568100,19
NEW PALASIA,SA,CashDeposit,Branch,,Sep 2017,485310,22
KAMRAJ NAGAR  PUDUCHERRY,SA,OutwardCheque,Branch,,Jun 2017,1541700,15
Varale,SA,CashDeposit,Branch,,Aug 2017,1186165,29
Alandi,SA,CashDeposit,Branch,,Sep 2017,461600,22
CHINCHWAD  PUNE BRANCH,SA,CashDeposit,Branch,,Sep 2017,1100050,29
KAMRAJ NAGAR  PUDUCHERRY,SA,CashDeposit,Branch,,Jun 2017,22017,6
CHEMBUR BRANCH,SA,CashDeposit,Branch,,Oct 2017,468050,26
KAMRAJ NAGAR  PUDUCHERRY,SA,CashDeposit,Branch,,Sep 2017,349500,8
CHEMBUR BRANCH,SA,OutwardCheque,Branch,,Aug 2017,15263367,24
THILLAI NAGAR  MN.RD.   TIRUCHIIRAPPALLI,SA,CashDeposit,Branch,,Oct 2017,1594000,22
KOTHRUD PUNE BRANCH,SA,CashDeposit,Branch,,Sep 2017,913750,31
NEW PALASIA,SA,CashDeposit,Branch,,Oct 2017,434500,27
NEW PALASIA,SA,CashDeposit,Branch,,Jun 2017,154000,3
NAVRANGPURA  AHMEDABAD,SA,CashDeposit,Branch,,Sep 2017,1224000,16
PULLIYAKULAM ROAD   COIMBATORE,SA,OutwardCheque,Branch,,Oct 2017,8549915,33
KOTHRUD PUNE BRANCH,SA,CashDeposit,Branch,,Aug 2017,926055,32
KAMRAJ NAGAR  PUDUCHERRY,SA,CashDeposit,Branch,,Oct 2017,724000,16
T. NAGAR  CHENNAI,SA,CashDeposit,Branch,,Jun 2017,8935,4
PULLIYAKULAM ROAD   COIMBATORE,SA,OutwardCheque,Branch,,Aug 2017,10393522,21
MHALUNGE BUS STOP  PUNE,SA,CashDeposit,Branch,,Aug 2017,70000,4
CBD BELAPUR,SA,CashDeposit,Branch,,Aug 2017,917800,26
CBD BELAPUR,SA,CashDeposit,Branch,,Oct 2017,472700,41
T. NAGAR  CHENNAI,SA,CashDeposit,Branch,,Aug 2017,907500,11
CHEMBUR BRANCH,SA,CashDeposit,Branch,,Sep 2017,282550,23
NEW PALASIA,SA,CashDeposit,Branch,,Aug 2017,69000,4
Alandi,SA,CashDeposit,Branch,,Aug 2017,809500,25
SADASHIV PETH   PUNE,SA,OutwardCheque,Branch,,Aug 2017,301000,24
NEW PALASIA,SA,OutwardCheque,Branch,,Aug 2017,493000,18
NERUL BRANCH,SA,OutwardCheque,Branch,,Oct 2017,1951000,21
CHEMBUR BRANCH,SA,OutwardCheque,Branch,,Oct 2017,1094465,27
THANE BRANCH,SA,CashDeposit,Branch,,Aug 2017,158720,11
Wadachiwadi,SA,OutwardCheque,Branch,,Oct 2017,161500,22
THANE BRANCH,SA,OutwardCheque,Branch,,Oct 2017,7923700,19
CHEMBUR BRANCH,SA,CashDeposit,Branch,,Aug 2017,163564,15
PULLIYAKULAM ROAD   COIMBATORE,SA,OutwardCheque,Branch,,Jul 2017,5805402,29
SADASHIV PETH   PUNE,SA,CashDeposit,Branch,,Jul 2017,343070,30
CHINCHWAD  PUNE BRANCH,SA,OutwardCheque,Branch,,Jul 2017,4680302,43
THILLAI NAGAR  MN.RD.   TIRUCHIIRAPPALLI,SA,CashDeposit,Branch,,Jul 2017,2739500,16
KAMRAJ NAGAR  PUDUCHERRY,SA,OutwardCheque,Branch,,Jul 2017,3534000,20
THANE BRANCH,SA,OutwardCheque,Branch,,Jul 2017,2723068,22
KOTHRUD PUNE BRANCH,SA,OutwardCheque,Branch,,Jul 2017,9548511,57
T. NAGAR  CHENNAI,SA,CashDeposit,Branch,,Jul 2017,299500,10
NAVRANGPURA  AHMEDABAD,SA,OutwardCheque,Branch,,Jul 2017,7763207,47
T. NAGAR  CHENNAI,SA,OutwardCheque,Branch,,Jul 2017,42559419,44
CBD BELAPUR,SA,OutwardCheque,Branch,,Jul 2017,3654768,51
CHEMBUR BRANCH,SA,OutwardCheque,Branch,,Jul 2017,3731753,38
CBD BELAPUR,SA,CashDeposit,Branch,,Jul 2017,352200,27
SADASHIV PETH   PUNE,SA,OutwardCheque,Branch,,Jul 2017,361183,13
CHINCHWAD  PUNE BRANCH,SA,CashDeposit,Branch,,Jul 2017,1767110,49
NEW PALASIA,SA,OutwardCheque,Branch,,Jul 2017,3659728,31
MHALUNGE BUS STOP  PUNE,SA,OutwardCheque,Branch,,Jul 2017,974320,10
NEW PALASIA,SA,CashDeposit,Branch,,Jul 2017,419300,16
THILLAI NAGAR  MN.RD.   TIRUCHIIRAPPALLI,SA,OutwardCheque,Branch,,Jul 2017,2530385,32
KOTHRUD PUNE BRANCH,SA,CashDeposit,Branch,,Jul 2017,956260,39
PULLIYAKULAM ROAD   COIMBATORE,SA,CashDeposit,Branch,,Jul 2017,459000,7
Varale,SA,CashDeposit,Branch,,Jul 2017,122000,4
CHEMBUR BRANCH,SA,CashDeposit,Branch,,Jul 2017,195450,14
THANE BRANCH,SA,CashDeposit,Branch,,Jul 2017,117340,10
Varale,SA,OutwardCheque,Branch,,Jul 2017,175000,5
Wadachiwadi,SA,OutwardCheque,Branch,,Jul 2017,255000,4
NAVRANGPURA  AHMEDABAD,SA,CashDeposit,Branch,,Jul 2017,374000,10
KAMRAJ NAGAR  PUDUCHERRY,SA,CashDeposit,Branch,,Jul 2017,48500,6
MHALUNGE BUS STOP  PUNE,SA,CashDeposit,Branch,,Jul 2017,17000,2
THANE BRANCH,SA,CashDeposit,Branch,,Sep 2017,50500,6
SADASHIV PETH   PUNE,SA,CashDeposit,Branch,,Sep 2017,334100,12
MHALUNGE BUS STOP  PUNE,SA,OutwardCheque,Branch,,Sep 2017,296645,9
MHALUNGE BUS STOP  PUNE,SA,OutwardCheque,Branch,,Oct 2017,197700,5
NERUL BRANCH,SA,CashDeposit,Branch,,Oct 2017,337700,6
KAMRAJ NAGAR  PUDUCHERRY,SA,OutwardCheque,Branch,,Aug 2017,2007350,21
MHALUNGE BUS STOP  PUNE,SA,OutwardCheque,Branch,,Aug 2017,200810,9
KAMRAJ NAGAR  PUDUCHERRY,SA,OutwardCheque,Branch,,Sep 2017,1371000,16
THANE BRANCH,SA,OutwardCheque,Branch,,Aug 2017,2290500,21
THILLAI NAGAR  MN.RD.   TIRUCHIIRAPPALLI,SA,CashDeposit,Branch,,Aug 2017,864500,12
KAMRAJ NAGAR  PUDUCHERRY,SA,CashDeposit,Branch,,Aug 2017,17500,2
MHALUNGE BUS STOP  PUNE,SA,CashDeposit,Branch,,Jun 2017,35000,2
KOTHRUD PUNE BRANCH,CA,OutwardCheque,Branch,,Sep 2017,4777429,32
CHINCHWAD  PUNE BRANCH,CA,CashDeposit,Branch,,Sep 2017,6723720,113
CHINCHWAD  PUNE BRANCH,CA,CashDeposit,Branch,,Oct 2017,10640432,159
CHINCHWAD  PUNE BRANCH,CA,OutwardCheque,Branch,,Oct 2017,2.978587e+07,351
KOTHRUD PUNE BRANCH,CA,CashDeposit,Branch,,Sep 2017,607500,27
NAVRANGPURA  AHMEDABAD,CA,OutwardCheque,Branch,,Aug 2017,38000,7
CHINCHWAD  PUNE BRANCH,CA,OutwardCheque,Branch,,Sep 2017,2.559757e+07,230
KOTHRUD PUNE BRANCH,CA,OutwardCheque,Branch,,Aug 2017,829410,34
Wadachiwadi,CA,CashDeposit,Branch,,Sep 2017,76500,4
Wadachiwadi,CA,OutwardCheque,Branch,,Aug 2017,178548,11
Varale,CA,OutwardCheque,Branch,,Sep 2017,345886,20
MHALUNGE BUS STOP  PUNE,CA,OutwardCheque,Branch,,Sep 2017,9300,1
Varale,CA,CashDeposit,Branch,,Sep 2017,516365,44
CBD BELAPUR,CA,OutwardCheque,Branch,,Aug 2017,1214000,6
CHEMBUR BRANCH,CA,OutwardCheque,Branch,,Aug 2017,363519,20
CHEMBUR BRANCH,CA,CashDeposit,Branch,,Aug 2017,73000,5
Varale,CA,CashDeposit,Branch,,Aug 2017,101000,7
NEW PALASIA,CA,OutwardCheque,Branch,,Oct 2017,285000,10
KOTHRUD PUNE BRANCH,CA,CashDeposit,Branch,,Aug 2017,379100,25
THILLAI NAGAR  MN.RD.   TIRUCHIIRAPPALLI,CA,OutwardCheque,Branch,,Sep 2017,3000,1
CHINCHWAD  PUNE BRANCH,CA,CashDeposit,Branch,,Aug 2017,4760800,69
CHINCHWAD  PUNE BRANCH,CA,OutwardCheque,Branch,,Aug 2017,1.403679e+07,147
KOTHRUD PUNE BRANCH,CA,OutwardCheque,Branch,,Oct 2017,776404.1,45
CBD BELAPUR,CA,OutwardCheque,Branch,,Sep 2017,7349078,11
THILLAI NAGAR  MN.RD.   TIRUCHIIRAPPALLI,CA,CashDeposit,Branch,,Aug 2017,6000,2
KOTHRUD PUNE BRANCH,CA,CashDeposit,Branch,,Oct 2017,976100,48
CHEMBUR BRANCH,CA,OutwardCheque,Branch,,Sep 2017,265141,16
Varale,CA,OutwardCheque,Branch,,Oct 2017,137273,10
THANE BRANCH,CA,OutwardCheque,Branch,,Sep 2017,25000,4
MHALUNGE BUS STOP  PUNE,CA,CashDeposit,Branch,,Sep 2017,94500,9
CBD BELAPUR,CA,CashDeposit,Branch,,Sep 2017,310000,1
CBD BELAPUR,CA,OutwardCheque,Branch,,Oct 2017,504640.6,21
Alandi,CA,OutwardCheque,Branch,,Oct 2017,25000,5
Alandi,CA,CashDeposit,Branch,,Oct 2017,497000,14
THANE BRANCH,CA,OutwardCheque,Branch,,Oct 2017,11000,2
PULLIYAKULAM ROAD   COIMBATORE,CA,OutwardCheque,Branch,,Oct 2017,39000,6
NAVRANGPURA  AHMEDABAD,CA,OutwardCheque,Branch,,Oct 2017,705923,8
CHEMBUR BRANCH,CA,OutwardCheque,Branch,,Oct 2017,383832,15
T. NAGAR  CHENNAI,CA,OutwardCheque,Branch,,Aug 2017,1117000,5
Wadachiwadi,CA,OutwardCheque,Branch,,Oct 2017,968634,16
CHEMBUR BRANCH,CA,CashDeposit,Branch,,Sep 2017,260490,20
NAVRANGPURA  AHMEDABAD,CA,CashDeposit,Branch,,Oct 2017,916000,3
PULLIYAKULAM ROAD   COIMBATORE,CA,OutwardCheque,Branch,,Aug 2017,34000000,7
PULLIYAKULAM ROAD   COIMBATORE,CA,CashDeposit,Branch,,Sep 2017,14500,4
Varale,CA,OutwardCheque,Branch,,Aug 2017,189000,9
MHALUNGE BUS STOP  PUNE,CA,OutwardCheque,Branch,,Aug 2017,10000,1
Alandi,CA,CashDeposit,Branch,,Sep 2017,1099000,19
SADASHIV PETH   PUNE,CA,OutwardCheque,Branch,,Sep 2017,406844,30
THILLAI NAGAR  MN.RD.   TIRUCHIIRAPPALLI,CA,OutwardCheque,Branch,,Aug 2017,6000,2
THANE BRANCH,CA,OutwardCheque,Branch,,Aug 2017,5000,1
Wadachiwadi,CA,CashDeposit,Branch,,Oct 2017,81200,6
Wadachiwadi,CA,OutwardCheque,Branch,,Sep 2017,636380,18
SADASHIV PETH   PUNE,CA,CashDeposit,Branch,,Aug 2017,204900,19
SADASHIV PETH   PUNE,CA,OutwardCheque,Branch,,Aug 2017,260734,21
THANE BRANCH,CA,CashDeposit,Branch,,Oct 2017,55400,5
THANE BRANCH,CA,CashDeposit,Branch,,Sep 2017,33000,2
NAVRANGPURA  AHMEDABAD,CA,OutwardCheque,Branch,,Sep 2017,90694.65,9
NAVRANGPURA  AHMEDABAD,CA,CashDeposit,Branch,,Sep 2017,1182000,7
Varale,CA,CashDeposit,Branch,,Oct 2017,995400,46
T. NAGAR  CHENNAI,CA,OutwardCheque,Branch,,Sep 2017,6000,2
T. NAGAR  CHENNAI,CA,OutwardCheque,Branch,,Oct 2017,31000,5
CHEMBUR BRANCH,CA,CashDeposit,Branch,,Oct 2017,348800,25
CBD BELAPUR,CA,CashDeposit,Branch,,Oct 2017,213900,12
PULLIYAKULAM ROAD   COIMBATORE,CA,OutwardCheque,Branch,,Sep 2017,21270000,6
NEW PALASIA,CA,CashDeposit,Branch,,Oct 2017,80700,2
SADASHIV PETH   PUNE,CA,OutwardCheque,Branch,,Oct 2017,529881,32
THILLAI NAGAR  MN.RD.   TIRUCHIIRAPPALLI,CA,CashDeposit,Branch,,Oct 2017,27500,3
MHALUNGE BUS STOP  PUNE,CA,CashDeposit,Branch,,Oct 2017,89300,7
CHINCHWAD  PUNE BRANCH,CA,CashDeposit,Branch,,Jul 2017,1530460,40
CHINCHWAD  PUNE BRANCH,CA,OutwardCheque,Branch,,Jul 2017,2809516,60
KOTHRUD PUNE BRANCH,CA,OutwardCheque,Branch,,Jul 2017,606238,49
PULLIYAKULAM ROAD   COIMBATORE,CA,CashDeposit,Branch,,Oct 2017,54200,8
KOTHRUD PUNE BRANCH,CA,CashDeposit,Branch,,Jul 2017,379400,26
CHEMBUR BRANCH,CA,CashDeposit,Branch,,Jul 2017,140000,11
MHALUNGE BUS STOP  PUNE,CA,OutwardCheque,Branch,,Oct 2017,4800,2
KAMRAJ NAGAR  PUDUCHERRY,CA,CashDeposit,Branch,,Oct 2017,413000,2
KAMRAJ NAGAR  PUDUCHERRY,CA,OutwardCheque,Branch,,Oct 2017,100000,2
Wadachiwadi,CA,OutwardCheque,Branch,,Jul 2017,55000,2
THANE BRANCH,CA,OutwardCheque,Branch,,Jul 2017,5020000,3
CHEMBUR BRANCH,CA,OutwardCheque,Branch,,Jul 2017,162703,8
CBD BELAPUR,CA,CashDeposit,Branch,,Jul 2017,5000,1
PULLIYAKULAM ROAD   COIMBATORE,CA,OutwardCheque,Branch,,Jul 2017,3125000,3
PULLIYAKULAM ROAD   COIMBATORE,CA,CashDeposit,Branch,,Jul 2017,7000,1
NAVRANGPURA  AHMEDABAD,CA,CashDeposit,Branch,,Jul 2017,250000,1
SADASHIV PETH   PUNE,CA,OutwardCheque,Branch,,Jul 2017,52232,2
SADASHIV PETH   PUNE,CA,CashDeposit,Branch,,Oct 2017,13600,5
NERUL BRANCH,CA,OutwardCheque,Branch,,Oct 2017,167000,2
Alandi,CA,CashDeposit,Branch,,Aug 2017,60000,2
KAMRAJ NAGAR  PUDUCHERRY,CA,OutwardCheque,Branch,,Sep 2017,10000,1
CHINCHWAD  PUNE BRANCH,CA,OutwardCheque,Branch,,Jun 2017,974291,28
CBD BELAPUR,CA,OutwardCheque,Branch,,Jun 2017,5007500,2
CHEMBUR BRANCH,CA,OutwardCheque,Branch,,Jun 2017,386111,18
CHEMBUR BRANCH,CA,CashDeposit,Branch,,Jun 2017,90000,9
NEW PALASIA,CA,OutwardCheque,Branch,,Sep 2017,21830,1
MHALUNGE BUS STOP  PUNE,CA,CashDeposit,Branch,,Aug 2017,8500,3
SADASHIV PETH   PUNE,CA,CashDeposit,Branch,,Sep 2017,20100,6
KOTHRUD PUNE BRANCH,CA,CashDeposit,Branch,,Jun 2017,128000,18
KOTHRUD PUNE BRANCH,CA,OutwardCheque,Branch,,Jun 2017,147300,5
CHINCHWAD  PUNE BRANCH,CA,CashDeposit,Branch,,Jun 2017,2947000,8
MHALUNGE BUS STOP  PUNE,CA,OutwardCheque,Branch,,Jun 2017,3000,1
SADASHIV PETH   PUNE,CA,CashDeposit,Branch,,Jun 2017,290740,3
NAVRANGPURA  AHMEDABAD,CA,OutwardCheque,Branch,,Jun 2017,151000,1
SADASHIV PETH   PUNE,CA,OutwardCheque,Branch,,Jun 2017,35222,2
CBD BELAPUR,SA,ATMDeposit,Branch,,Aug 2017,55300,13
Wadachiwadi,SA,ATMDeposit,Branch,,Oct 2017,7600,4
KOTHRUD PUNE BRANCH,SA,ATMDeposit,Branch,,Jun 2017,25900,9
NEW PALASIA,SA,ATMDeposit,Branch,,Sep 2017,132200,18
CBD BELAPUR,SA,ATMDeposit,Branch,,Oct 2017,45100,13
KOTHRUD PUNE BRANCH,SA,ATMDeposit,Branch,,Jul 2017,49000,12
CHEMBUR BRANCH,SA,ATMDeposit,Branch,,Sep 2017,46300,2
CHINCHWAD  PUNE BRANCH,SA,ATMDeposit,Branch,,Sep 2017,24300,6
KOTHRUD PUNE BRANCH,SA,ATMDeposit,Branch,,Oct 2017,242500,23
KAMRAJ NAGAR  PUDUCHERRY,SA,ATMDeposit,Branch,,Sep 2017,40500,6
CHINCHWAD  PUNE BRANCH,SA,ATMDeposit,Branch,,Jul 2017,34000,10
CHEMBUR BRANCH,SA,ATMDeposit,Branch,,Oct 2017,10500,7
PULLIYAKULAM ROAD   COIMBATORE,SA,ATMDeposit,Branch,,Aug 2017,500,2
KAMRAJ NAGAR  PUDUCHERRY,SA,ATMDeposit,Branch,,Aug 2017,136200,14
CHINCHWAD  PUNE BRANCH,SA,ATMDeposit,Branch,,Aug 2017,79500,12
THILLAI NAGAR  MN.RD.   TIRUCHIIRAPPALLI,SA,ATMDeposit,Branch,,Jul 2017,60300,8
KAMRAJ NAGAR  PUDUCHERRY,SA,ATMDeposit,Branch,,Oct 2017,182500,19
KOTHRUD PUNE BRANCH,SA,ATMDeposit,Branch,,Sep 2017,350400,29
NEW PALASIA,SA,ATMDeposit,Branch,,Aug 2017,94500,7
THILLAI NAGAR  MN.RD.   TIRUCHIIRAPPALLI,SA,ATMDeposit,Branch,,Aug 2017,19500,6
KOTHRUD PUNE BRANCH,SA,ATMDeposit,Branch,,Aug 2017,227100,24
CHINCHWAD  PUNE BRANCH,SA,ATMDeposit,Branch,,Oct 2017,91500,19
Alandi,SA,ATMDeposit,Branch,,Oct 2017,9500,2
SADASHIV PETH   PUNE,SA,ATMDeposit,Branch,,Jul 2017,9000,3
CBD BELAPUR,SA,ATMDeposit,Branch,,Sep 2017,72100,9
CBD BELAPUR,SA,ATMDeposit,Branch,,Jun 2017,90200,10
SADASHIV PETH   PUNE,SA,ATMDeposit,Branch,,Sep 2017,30500,5
NEW PALASIA,SA,ATMDeposit,Branch,,Jun 2017,11500,2
THILLAI NAGAR  MN.RD.   TIRUCHIIRAPPALLI,SA,ATMDeposit,Branch,,Oct 2017,28000,5
T. NAGAR  CHENNAI,SA,ATMDeposit,Branch,,Oct 2017,71500,3
PULLIYAKULAM ROAD   COIMBATORE,SA,ATMDeposit,Branch,,Sep 2017,54500,10
SADASHIV PETH   PUNE,SA,ATMDeposit,Branch,,Oct 2017,49800,9
THANE BRANCH,SA,ATMDeposit,Branch,,Aug 2017,500,1
THILLAI NAGAR  MN.RD.   TIRUCHIIRAPPALLI,SA,ATMDeposit,Branch,,Sep 2017,9300,4
SADASHIV PETH   PUNE,SA,ATMDeposit,Branch,,Aug 2017,64000,3
PULLIYAKULAM ROAD   COIMBATORE,SA,ATMDeposit,Branch,,Oct 2017,150500,8
KAMRAJ NAGAR  PUDUCHERRY,SA,ATMDeposit,Branch,,Jul 2017,63600,13
NEW PALASIA,SA,ATMDeposit,Branch,,Oct 2017,132000,11
THANE BRANCH,SA,ATMDeposit,Branch,,Sep 2017,2000,1
CHINCHWAD  PUNE BRANCH,SA,ATMDeposit,Branch,,Jun 2017,4000,2
Wadachiwadi,SA,ATMDeposit,Branch,,Sep 2017,14000,2
Alandi,SA,ATMDeposit,Branch,,Aug 2017,700,1
NAVRANGPURA  AHMEDABAD,SA,ATMDeposit,Branch,,Jul 2017,20600,3
PULLIYAKULAM ROAD   COIMBATORE,SA,ATMDeposit,Branch,,Jul 2017,23700,6
NEW PALASIA,SA,ATMDeposit,Branch,,Jul 2017,88900,10
NAVRANGPURA  AHMEDABAD,SA,ATMDeposit,Branch,,Jun 2017,100,1
NAVRANGPURA  AHMEDABAD,SA,ATMDeposit,Branch,,Sep 2017,4100,2
CBD BELAPUR,SA,ATMDeposit,Branch,,Jul 2017,1200,3
T. NAGAR  CHENNAI,SA,ATMDeposit,Branch,,Jul 2017,10100,2
NAVRANGPURA  AHMEDABAD,SA,ATMDeposit,Branch,,Oct 2017,12000,3
Alandi,SA,ATMDeposit,Branch,,Sep 2017,600,2
THANE BRANCH,SA,ATMDeposit,Branch,,Jul 2017,200,1
THANE BRANCH,SA,ATMDeposit,Branch,,Jun 2017,3400,2
T. NAGAR  CHENNAI,SA,ATMDeposit,Branch,,Sep 2017,2600,3
CHEMBUR BRANCH,SA,ATMDeposit,Branch,,Aug 2017,198500,4
KAMRAJ NAGAR  PUDUCHERRY,SA,ATMDeposit,Branch,,Jun 2017,2600,1
CHEMBUR BRANCH,SA,ATMDeposit,Branch,,Jul 2017,40800,6
