BRNCH_NME,YrMon_AsOnDate,TxnActCusts,CountAccs
CHEMBUR BRANCH,Mar 2017,154,159
CHEMBUR BRANCH,Nov 2017,663,669
CHEMBUR BRANCH,Jun 2017,337,343
CHEMBUR BRANCH,Jul 2017,453,455
CHEMBUR BRANCH,Sep 2017,619,624
CHEMBUR BRANCH,Oct 2017,660,665
CHEMBUR BRANCH,Apr 2017,176,183
CHEMBUR BRANCH,Feb 2017,42,44
CHEMBUR BRANCH,May 2017,275,283
CHEMBUR BRANCH,Aug 2017,512,515
NEW PALASIA,Jun 2017,139,140
NEW PALASIA,Oct 2017,380,383
NEW PALASIA,Jul 2017,182,183
NEW PALASIA,Aug 2017,221,222
NEW PALASIA,Nov 2017,384,388
NEW PALASIA,Sep 2017,317,318
THANE BRANCH,Aug 2017,441,448
THANE BRANCH,Mar 2017,177,193
THANE BRANCH,Jun 2017,278,292
THANE BRANCH,Jul 2017,368,375
THANE BRANCH,Sep 2017,532,540
THANE BRANCH,Nov 2017,586,600
THANE BRANCH,Apr 2017,174,187
THANE BRANCH,Oct 2017,582,596
THANE BRANCH,May 2017,215,230
CBD BELAPUR,Aug 2017,1176,1214
CBD BELAPUR,Jan 2017,95,105
CBD BELAPUR,Apr 2017,511,559
CBD BELAPUR,May 2017,624,665
CBD BELAPUR,Jul 2017,1086,1123
CBD BELAPUR,Feb 2017,246,265
CBD BELAPUR,Jun 2017,856,896
CBD BELAPUR,Nov 2017,1435,1485
CBD BELAPUR,Oct 2017,1432,1482
CBD BELAPUR,Sep 2017,1351,1392
CBD BELAPUR,Mar 2017,627,689
NAVRANGPURA  AHMEDABAD,Jul 2017,279,279
NAVRANGPURA  AHMEDABAD,May 2017,74,74
NAVRANGPURA  AHMEDABAD,Oct 2017,627,634
NAVRANGPURA  AHMEDABAD,Jun 2017,156,156
NAVRANGPURA  AHMEDABAD,Aug 2017,391,391
NAVRANGPURA  AHMEDABAD,Sep 2017,566,566
NAVRANGPURA  AHMEDABAD,Nov 2017,627,634
SADASHIV PETH   PUNE,Nov 2017,225,249
SADASHIV PETH   PUNE,Jun 2017,123,141
SADASHIV PETH   PUNE,Sep 2017,209,232
SADASHIV PETH   PUNE,Jul 2017,161,177
SADASHIV PETH   PUNE,Aug 2017,204,224
SADASHIV PETH   PUNE,Oct 2017,225,249
KOTHRUD PUNE BRANCH,Sep 2017,523,572
KOTHRUD PUNE BRANCH,Jul 2017,390,432
KOTHRUD PUNE BRANCH,Apr 2017,256,291
KOTHRUD PUNE BRANCH,Nov 2017,564,618
KOTHRUD PUNE BRANCH,Oct 2017,564,617
KOTHRUD PUNE BRANCH,Jun 2017,331,373
KOTHRUD PUNE BRANCH,Aug 2017,460,507
KOTHRUD PUNE BRANCH,May 2017,290,332
Wadachiwadi,Sep 2017,121,122
Wadachiwadi,Oct 2017,169,177
Wadachiwadi,Nov 2017,169,177
PULLIYAKULAM ROAD   COIMBATORE,Sep 2017,400,405
PULLIYAKULAM ROAD   COIMBATORE,Oct 2017,445,453
PULLIYAKULAM ROAD   COIMBATORE,Nov 2017,445,453
PULLIYAKULAM ROAD   COIMBATORE,Jul 2017,220,221
PULLIYAKULAM ROAD   COIMBATORE,Aug 2017,283,285
PULLIYAKULAM ROAD   COIMBATORE,Jun 2017,145,147
THILLAI NAGAR  MN.RD.   TIRUCHIIRAPPALLI,Jun 2017,143,144
THILLAI NAGAR  MN.RD.   TIRUCHIIRAPPALLI,Aug 2017,278,279
THILLAI NAGAR  MN.RD.   TIRUCHIIRAPPALLI,Oct 2017,390,391
THILLAI NAGAR  MN.RD.   TIRUCHIIRAPPALLI,May 2017,83,95
THILLAI NAGAR  MN.RD.   TIRUCHIIRAPPALLI,Jul 2017,233,234
THILLAI NAGAR  MN.RD.   TIRUCHIIRAPPALLI,Sep 2017,346,347
THILLAI NAGAR  MN.RD.   TIRUCHIIRAPPALLI,Nov 2017,391,392
THILLAI NAGAR  MN.RD.   TIRUCHIIRAPPALLI,Apr 2017,33,36
T. NAGAR  CHENNAI,Aug 2017,627,628
T. NAGAR  CHENNAI,Nov 2017,893,898
T. NAGAR  CHENNAI,Jul 2017,446,447
T. NAGAR  CHENNAI,Oct 2017,969,974
T. NAGAR  CHENNAI,Sep 2017,874,875
T. NAGAR  CHENNAI,Jun 2017,269,270
KAMRAJ NAGAR  PUDUCHERRY,Sep 2017,224,224
KAMRAJ NAGAR  PUDUCHERRY,Jun 2017,98,99
KAMRAJ NAGAR  PUDUCHERRY,Aug 2017,177,177
KAMRAJ NAGAR  PUDUCHERRY,Nov 2017,255,258
KAMRAJ NAGAR  PUDUCHERRY,Jul 2017,140,140
KAMRAJ NAGAR  PUDUCHERRY,Oct 2017,255,258
KOTHRUD PUNE BRANCH,Feb 2017,101,111
KOTHRUD PUNE BRANCH,Mar 2017,349,413
CHINCHWAD  PUNE BRANCH,Nov 2017,459,476
CHINCHWAD  PUNE BRANCH,Jul 2017,314,325
CHINCHWAD  PUNE BRANCH,Sep 2017,398,409
CHINCHWAD  PUNE BRANCH,Oct 2017,457,474
CHINCHWAD  PUNE BRANCH,Aug 2017,303,313
CHINCHWAD  PUNE BRANCH,Jun 2017,227,238
KAMRAJ NAGAR  PUDUCHERRY,Apr 2017,40,42
KAMRAJ NAGAR  PUDUCHERRY,May 2017,75,77
Alandi,Nov 2017,183,192
Alandi,Sep 2017,135,139
Alandi,Aug 2017,106,109
Alandi,Oct 2017,181,189
MHALUNGE BUS STOP  PUNE,Oct 2017,153,159
MHALUNGE BUS STOP  PUNE,Nov 2017,156,162
MHALUNGE BUS STOP  PUNE,Sep 2017,139,141
MHALUNGE BUS STOP  PUNE,Aug 2017,113,115
MHALUNGE BUS STOP  PUNE,Jul 2017,79,81
MHALUNGE BUS STOP  PUNE,Jun 2017,58,60
NERUL BRANCH,Oct 2017,42,47
NERUL BRANCH,Nov 2017,45,51
Wadachiwadi,Aug 2017,51,51
CHINCHWAD  PUNE BRANCH,May 2017,143,152
CHINCHWAD  PUNE BRANCH,Apr 2017,65,70
MHALUNGE BUS STOP  PUNE,May 2017,16,17
MHALUNGE BUS STOP  PUNE,Apr 2017,6,7
NEW PALASIA,May 2017,76,77
THANE BRANCH,Feb 2017,26,29
Varale,Oct 2017,191,192
Varale,Nov 2017,191,192
Varale,Sep 2017,160,161
T. NAGAR  CHENNAI,May 2017,171,171
T. NAGAR  CHENNAI,Apr 2017,59,60
TAMBARAM  CHENNAI,Nov 2017,114,114
NAVRANGPURA  AHMEDABAD,Apr 2017,10,10
PULLIYAKULAM ROAD   COIMBATORE,May 2017,67,67
TAMBARAM  CHENNAI,Oct 2017,33,33
PULLIYAKULAM ROAD   COIMBATORE,Apr 2017,21,21
Alandi,Jul 2017,6,6
SADASHIV PETH   PUNE,Apr 2017,33,48
SADASHIV PETH   PUNE,May 2017,73,92
Varale,Aug 2017,112,113
NEW PALASIA,Apr 2017,8,8
Varale,Jul 2017,16,16
Wadachiwadi,Jul 2017,12,12
CENTRAL BACK OFFICE  BELAPUR,Nov 2017,1,2
CENTRAL BACK OFFICE  BELAPUR,Aug 2017,1,1
CENTRAL BACK OFFICE  BELAPUR,Oct 2017,1,2
CENTRAL BACK OFFICE  BELAPUR,Sep 2017,1,1
