AsOnYrMonName,BName,CustCount
Mar 2017,CHEMBUR BRANCH,80
Nov 2017,CHEMBUR BRANCH,366
Jun 2017,CHEMBUR BRANCH,206
Jul 2017,CHEMBUR BRANCH,246
Sep 2017,CHEMBUR BRANCH,342
Oct 2017,CHEMBUR BRANCH,364
Apr 2017,CHEMBUR BRANCH,126
Feb 2017,CHEMBUR BRANCH,29
May 2017,CHEMBUR BRANCH,169
Aug 2017,CHEMBUR BRANCH,289
Jun 2017,NEW PALASIA,90
Oct 2017,NEW PALASIA,216
Jul 2017,NEW PALASIA,113
Aug 2017,NEW PALASIA,134
Nov 2017,NEW PALASIA,219
Sep 2017,NEW PALASIA,187
Aug 2017,THANE BRANCH,273
Mar 2017,THANE BRANCH,81
Jun 2017,THANE BRANCH,174
Jul 2017,THANE BRANCH,232
Sep 2017,THANE BRANCH,313
Nov 2017,THANE BRANCH,337
Apr 2017,THANE BRANCH,109
Oct 2017,THANE BRANCH,337
May 2017,THANE BRANCH,140
Aug 2017,CBD BELAPUR,710
Jan 2017,CBD BELAPUR,102
Apr 2017,CBD BELAPUR,373
May 2017,CBD BELAPUR,429
Jul 2017,CBD BELAPUR,660
Feb 2017,CBD BELAPUR,214
Jun 2017,CBD BELAPUR,589
Nov 2017,CBD BELAPUR,812
Oct 2017,CBD BELAPUR,812
Sep 2017,CBD BELAPUR,773
Mar 2017,CBD BELAPUR,321
Jul 2017,NAVRANGPURA  AHMEDABAD,175
May 2017,NAVRANGPURA  AHMEDABAD,53
Oct 2017,NAVRANGPURA  AHMEDABAD,387
Jun 2017,NAVRANGPURA  AHMEDABAD,102
Aug 2017,NAVRANGPURA  AHMEDABAD,257
Sep 2017,NAVRANGPURA  AHMEDABAD,340
Nov 2017,NAVRANGPURA  AHMEDABAD,387
Nov 2017,SADASHIV PETH   PUNE,194
Jun 2017,SADASHIV PETH   PUNE,112
Sep 2017,SADASHIV PETH   PUNE,184
Jul 2017,SADASHIV PETH   PUNE,140
Aug 2017,SADASHIV PETH   PUNE,178
Oct 2017,SADASHIV PETH   PUNE,194
Sep 2017,KOTHRUD PUNE BRANCH,368
Jul 2017,KOTHRUD PUNE BRANCH,299
Apr 2017,KOTHRUD PUNE BRANCH,216
Nov 2017,KOTHRUD PUNE BRANCH,403
Oct 2017,KOTHRUD PUNE BRANCH,402
Jun 2017,KOTHRUD PUNE BRANCH,261
Aug 2017,KOTHRUD PUNE BRANCH,341
May 2017,KOTHRUD PUNE BRANCH,239
Sep 2017,Wadachiwadi,88
Oct 2017,Wadachiwadi,115
Nov 2017,Wadachiwadi,115
Sep 2017,PULLIYAKULAM ROAD   COIMBATORE,200
Oct 2017,PULLIYAKULAM ROAD   COIMBATORE,226
Nov 2017,PULLIYAKULAM ROAD   COIMBATORE,226
Jul 2017,PULLIYAKULAM ROAD   COIMBATORE,119
Aug 2017,PULLIYAKULAM ROAD   COIMBATORE,149
Jun 2017,PULLIYAKULAM ROAD   COIMBATORE,84
Jun 2017,THILLAI NAGAR  MN.RD.   TIRUCHIIRAPPALLI,83
Aug 2017,THILLAI NAGAR  MN.RD.   TIRUCHIIRAPPALLI,133
Oct 2017,THILLAI NAGAR  MN.RD.   TIRUCHIIRAPPALLI,163
May 2017,THILLAI NAGAR  MN.RD.   TIRUCHIIRAPPALLI,51
Jul 2017,THILLAI NAGAR  MN.RD.   TIRUCHIIRAPPALLI,109
Sep 2017,THILLAI NAGAR  MN.RD.   TIRUCHIIRAPPALLI,151
Nov 2017,THILLAI NAGAR  MN.RD.   TIRUCHIIRAPPALLI,163
Apr 2017,THILLAI NAGAR  MN.RD.   TIRUCHIIRAPPALLI,25
Aug 2017,T. NAGAR  CHENNAI,360
Nov 2017,T. NAGAR  CHENNAI,473
Jul 2017,T. NAGAR  CHENNAI,265
Oct 2017,T. NAGAR  CHENNAI,511
Sep 2017,T. NAGAR  CHENNAI,461
Jun 2017,T. NAGAR  CHENNAI,174
Sep 2017,KAMRAJ NAGAR  PUDUCHERRY,124
Jun 2017,KAMRAJ NAGAR  PUDUCHERRY,68
Aug 2017,KAMRAJ NAGAR  PUDUCHERRY,104
Nov 2017,KAMRAJ NAGAR  PUDUCHERRY,150
Jul 2017,KAMRAJ NAGAR  PUDUCHERRY,86
Oct 2017,KAMRAJ NAGAR  PUDUCHERRY,150
Feb 2017,KOTHRUD PUNE BRANCH,102
Mar 2017,KOTHRUD PUNE BRANCH,199
Nov 2017,CHINCHWAD  PUNE BRANCH,398
Jul 2017,CHINCHWAD  PUNE BRANCH,271
Sep 2017,CHINCHWAD  PUNE BRANCH,347
Oct 2017,CHINCHWAD  PUNE BRANCH,397
Aug 2017,CHINCHWAD  PUNE BRANCH,269
Jun 2017,CHINCHWAD  PUNE BRANCH,198
Apr 2017,KAMRAJ NAGAR  PUDUCHERRY,33
May 2017,KAMRAJ NAGAR  PUDUCHERRY,55
Nov 2017,Alandi,146
Sep 2017,Alandi,120
Aug 2017,Alandi,92
Oct 2017,Alandi,145
Oct 2017,MHALUNGE BUS STOP  PUNE,109
Nov 2017,MHALUNGE BUS STOP  PUNE,112
Sep 2017,MHALUNGE BUS STOP  PUNE,94
Aug 2017,MHALUNGE BUS STOP  PUNE,82
Jul 2017,MHALUNGE BUS STOP  PUNE,57
Jun 2017,MHALUNGE BUS STOP  PUNE,43
Oct 2017,NERUL BRANCH,37
Nov 2017,NERUL BRANCH,39
Aug 2017,Wadachiwadi,48
May 2017,CHINCHWAD  PUNE BRANCH,131
Apr 2017,CHINCHWAD  PUNE BRANCH,62
May 2017,MHALUNGE BUS STOP  PUNE,12
Apr 2017,MHALUNGE BUS STOP  PUNE,7
May 2017,NEW PALASIA,50
Feb 2017,THANE BRANCH,25
Oct 2017,Varale,179
Nov 2017,Varale,179
Sep 2017,Varale,150
May 2017,T. NAGAR  CHENNAI,115
Apr 2017,T. NAGAR  CHENNAI,53
Nov 2017,TAMBARAM  CHENNAI,60
Apr 2017,NAVRANGPURA  AHMEDABAD,9
May 2017,PULLIYAKULAM ROAD   COIMBATORE,44
Oct 2017,TAMBARAM  CHENNAI,20
Apr 2017,PULLIYAKULAM ROAD   COIMBATORE,16
Jul 2017,Alandi,6
Apr 2017,SADASHIV PETH   PUNE,37
May 2017,SADASHIV PETH   PUNE,73
Aug 2017,Varale,104
Apr 2017,NEW PALASIA,6
Jul 2017,Varale,15
Jul 2017,Wadachiwadi,12
Nov 2017,CENTRAL BACK OFFICE  BELAPUR,1
Aug 2017,CENTRAL BACK OFFICE  BELAPUR,1
Oct 2017,CENTRAL BACK OFFICE  BELAPUR,1
Sep 2017,CENTRAL BACK OFFICE  BELAPUR,1
