CustCount,YrMon_AsOnDate,BRNCH_NME,ProdGroup
163,Nov 2017,CHEMBUR BRANCH,SA
107,Jun 2017,CHEMBUR BRANCH,SA
117,Jul 2017,CHEMBUR BRANCH,SA
152,Sep 2017,CHEMBUR BRANCH,SA
162,Oct 2017,CHEMBUR BRANCH,SA
66,Apr 2017,CHEMBUR BRANCH,SA
20,Feb 2017,CHEMBUR BRANCH,SA
91,May 2017,CHEMBUR BRANCH,SA
130,Aug 2017,CHEMBUR BRANCH,SA
67,Jun 2017,NEW PALASIA,SA
159,Oct 2017,NEW PALASIA,SA
82,Jul 2017,NEW PALASIA,SA
97,Aug 2017,NEW PALASIA,SA
162,Nov 2017,NEW PALASIA,SA
140,Sep 2017,NEW PALASIA,SA
133,Aug 2017,THANE BRANCH,SA
103,Jun 2017,THANE BRANCH,SA
122,Jul 2017,THANE BRANCH,SA
156,Sep 2017,THANE BRANCH,SA
168,Nov 2017,THANE BRANCH,SA
69,Apr 2017,THANE BRANCH,SA
168,Oct 2017,THANE BRANCH,SA
82,May 2017,THANE BRANCH,SA
502,Aug 2017,CBD BELAPUR,SA
102,Jan 2017,CBD BELAPUR,SA
278,Apr 2017,CBD BELAPUR,SA
314,May 2017,CBD BELAPUR,SA
482,Jul 2017,CBD BELAPUR,SA
189,Feb 2017,CBD BELAPUR,SA
445,Jun 2017,CBD BELAPUR,SA
567,Nov 2017,CBD BELAPUR,SA
567,Oct 2017,CBD BELAPUR,SA
541,Sep 2017,CBD BELAPUR,SA
81,Jul 2017,NAVRANGPURA  AHMEDABAD,SA
26,May 2017,NAVRANGPURA  AHMEDABAD,SA
184,Oct 2017,NAVRANGPURA  AHMEDABAD,SA
46,Jun 2017,NAVRANGPURA  AHMEDABAD,SA
113,Aug 2017,NAVRANGPURA  AHMEDABAD,SA
160,Sep 2017,NAVRANGPURA  AHMEDABAD,SA
184,Nov 2017,NAVRANGPURA  AHMEDABAD,SA
148,Nov 2017,SADASHIV PETH   PUNE,SA
79,Jun 2017,SADASHIV PETH   PUNE,SA
139,Sep 2017,SADASHIV PETH   PUNE,SA
100,Jul 2017,SADASHIV PETH   PUNE,SA
132,Aug 2017,SADASHIV PETH   PUNE,SA
148,Oct 2017,SADASHIV PETH   PUNE,SA
253,Sep 2017,KOTHRUD PUNE BRANCH,SA
193,Jul 2017,KOTHRUD PUNE BRANCH,SA
128,Apr 2017,KOTHRUD PUNE BRANCH,SA
280,Nov 2017,KOTHRUD PUNE BRANCH,SA
279,Oct 2017,KOTHRUD PUNE BRANCH,SA
172,Jun 2017,KOTHRUD PUNE BRANCH,SA
236,Aug 2017,KOTHRUD PUNE BRANCH,SA
155,May 2017,KOTHRUD PUNE BRANCH,SA
71,Sep 2017,Wadachiwadi,SA
93,Oct 2017,Wadachiwadi,SA
93,Nov 2017,Wadachiwadi,SA
126,Sep 2017,PULLIYAKULAM ROAD   COIMBATORE,SA
143,Oct 2017,PULLIYAKULAM ROAD   COIMBATORE,SA
143,Nov 2017,PULLIYAKULAM ROAD   COIMBATORE,SA
79,Jul 2017,PULLIYAKULAM ROAD   COIMBATORE,SA
99,Aug 2017,PULLIYAKULAM ROAD   COIMBATORE,SA
59,Jun 2017,PULLIYAKULAM ROAD   COIMBATORE,SA
47,Jun 2017,THILLAI NAGAR  MN.RD.   TIRUCHIIRAPPALLI,SA
81,Aug 2017,THILLAI NAGAR  MN.RD.   TIRUCHIIRAPPALLI,SA
94,Oct 2017,THILLAI NAGAR  MN.RD.   TIRUCHIIRAPPALLI,SA
29,May 2017,THILLAI NAGAR  MN.RD.   TIRUCHIIRAPPALLI,SA
65,Jul 2017,THILLAI NAGAR  MN.RD.   TIRUCHIIRAPPALLI,SA
88,Sep 2017,THILLAI NAGAR  MN.RD.   TIRUCHIIRAPPALLI,SA
94,Nov 2017,THILLAI NAGAR  MN.RD.   TIRUCHIIRAPPALLI,SA
18,Apr 2017,THILLAI NAGAR  MN.RD.   TIRUCHIIRAPPALLI,SA
154,Aug 2017,T. NAGAR  CHENNAI,SA
215,Nov 2017,T. NAGAR  CHENNAI,SA
100,Jul 2017,T. NAGAR  CHENNAI,SA
235,Oct 2017,T. NAGAR  CHENNAI,SA
203,Sep 2017,T. NAGAR  CHENNAI,SA
54,Jun 2017,T. NAGAR  CHENNAI,SA
90,Sep 2017,KAMRAJ NAGAR  PUDUCHERRY,SA
56,Jun 2017,KAMRAJ NAGAR  PUDUCHERRY,SA
77,Aug 2017,KAMRAJ NAGAR  PUDUCHERRY,SA
109,Nov 2017,KAMRAJ NAGAR  PUDUCHERRY,SA
66,Jul 2017,KAMRAJ NAGAR  PUDUCHERRY,SA
109,Oct 2017,KAMRAJ NAGAR  PUDUCHERRY,SA
65,Feb 2017,KOTHRUD PUNE BRANCH,SA
244,Nov 2017,CHINCHWAD  PUNE BRANCH,SA
190,Jul 2017,CHINCHWAD  PUNE BRANCH,SA
216,Sep 2017,CHINCHWAD  PUNE BRANCH,SA
244,Oct 2017,CHINCHWAD  PUNE BRANCH,SA
165,Aug 2017,CHINCHWAD  PUNE BRANCH,SA
144,Jun 2017,CHINCHWAD  PUNE BRANCH,SA
29,Apr 2017,KAMRAJ NAGAR  PUDUCHERRY,SA
46,May 2017,KAMRAJ NAGAR  PUDUCHERRY,SA
136,Nov 2017,Alandi,SA
115,Sep 2017,Alandi,SA
86,Aug 2017,Alandi,SA
135,Oct 2017,Alandi,SA
74,Oct 2017,MHALUNGE BUS STOP  PUNE,SA
76,Nov 2017,MHALUNGE BUS STOP  PUNE,SA
58,Sep 2017,MHALUNGE BUS STOP  PUNE,SA
49,Aug 2017,MHALUNGE BUS STOP  PUNE,SA
32,Jul 2017,MHALUNGE BUS STOP  PUNE,SA
24,Jun 2017,MHALUNGE BUS STOP  PUNE,SA
29,Oct 2017,NERUL BRANCH,SA
30,Nov 2017,NERUL BRANCH,SA
39,Aug 2017,Wadachiwadi,SA
78,May 2017,CHINCHWAD  PUNE BRANCH,SA
42,Apr 2017,CHINCHWAD  PUNE BRANCH,SA
9,May 2017,MHALUNGE BUS STOP  PUNE,SA
6,Apr 2017,MHALUNGE BUS STOP  PUNE,SA
35,May 2017,NEW PALASIA,SA
19,Feb 2017,THANE BRANCH,SA
142,Oct 2017,Varale,SA
142,Nov 2017,Varale,SA
122,Sep 2017,Varale,SA
28,May 2017,T. NAGAR  CHENNAI,SA
13,Apr 2017,T. NAGAR  CHENNAI,SA
30,Nov 2017,TAMBARAM  CHENNAI,SA
4,Apr 2017,NAVRANGPURA  AHMEDABAD,SA
29,May 2017,PULLIYAKULAM ROAD   COIMBATORE,SA
10,Oct 2017,TAMBARAM  CHENNAI,SA
11,Apr 2017,PULLIYAKULAM ROAD   COIMBATORE,SA
5,Jul 2017,Alandi,SA
28,Apr 2017,SADASHIV PETH   PUNE,SA
50,May 2017,SADASHIV PETH   PUNE,SA
87,Aug 2017,Varale,SA
4,Apr 2017,NEW PALASIA,SA
14,Jul 2017,Varale,SA
8,Jul 2017,Wadachiwadi,SA
15,Nov 2017,Wadachiwadi,CA
6,Aug 2017,Wadachiwadi,CA
15,Oct 2017,Wadachiwadi,CA
8,Sep 2017,Wadachiwadi,CA
108,Sep 2017,CHINCHWAD  PUNE BRANCH,CA
32,Jun 2017,CHINCHWAD  PUNE BRANCH,CA
54,Jul 2017,CHINCHWAD  PUNE BRANCH,CA
27,May 2017,CHINCHWAD  PUNE BRANCH,CA
82,Aug 2017,CHINCHWAD  PUNE BRANCH,CA
131,Nov 2017,CHINCHWAD  PUNE BRANCH,CA
130,Oct 2017,CHINCHWAD  PUNE BRANCH,CA
27,Jul 2017,KOTHRUD PUNE BRANCH,CA
33,Sep 2017,KOTHRUD PUNE BRANCH,CA
38,Nov 2017,KOTHRUD PUNE BRANCH,CA
23,Jun 2017,KOTHRUD PUNE BRANCH,CA
38,Oct 2017,KOTHRUD PUNE BRANCH,CA
22,Apr 2017,KOTHRUD PUNE BRANCH,CA
22,May 2017,KOTHRUD PUNE BRANCH,CA
26,Aug 2017,KOTHRUD PUNE BRANCH,CA
10,Nov 2017,THANE BRANCH,CA
10,Oct 2017,THANE BRANCH,CA
12,Feb 2017,KOTHRUD PUNE BRANCH,CA
7,Nov 2017,KAMRAJ NAGAR  PUDUCHERRY,CA
7,Oct 2017,KAMRAJ NAGAR  PUDUCHERRY,CA
7,Apr 2017,CHINCHWAD  PUNE BRANCH,CA
4,Aug 2017,THANE BRANCH,CA
7,Sep 2017,THANE BRANCH,CA
35,Oct 2017,CBD BELAPUR,CA
22,Sep 2017,CBD BELAPUR,CA
35,Nov 2017,CBD BELAPUR,CA
14,Aug 2017,CBD BELAPUR,CA
11,Nov 2017,PULLIYAKULAM ROAD   COIMBATORE,CA
11,Oct 2017,PULLIYAKULAM ROAD   COIMBATORE,CA
6,Sep 2017,PULLIYAKULAM ROAD   COIMBATORE,CA
3,Jul 2017,CHEMBUR BRANCH,CA
3,May 2017,CHEMBUR BRANCH,CA
2,Apr 2017,CHEMBUR BRANCH,CA
10,Sep 2017,CHEMBUR BRANCH,CA
8,Aug 2017,CHEMBUR BRANCH,CA
14,Nov 2017,CHEMBUR BRANCH,CA
14,Oct 2017,CHEMBUR BRANCH,CA
3,Jun 2017,CHEMBUR BRANCH,CA
12,Oct 2017,T. NAGAR  CHENNAI,CA
12,Nov 2017,T. NAGAR  CHENNAI,CA
4,Aug 2017,T. NAGAR  CHENNAI,CA
6,Sep 2017,T. NAGAR  CHENNAI,CA
2,Jul 2017,PULLIYAKULAM ROAD   COIMBATORE,CA
2,Aug 2017,PULLIYAKULAM ROAD   COIMBATORE,CA
7,Jun 2017,CBD BELAPUR,CA
4,May 2017,CBD BELAPUR,CA
7,Jul 2017,CBD BELAPUR,CA
2,Jul 2017,THANE BRANCH,CA
35,Nov 2017,Varale,CA
26,Sep 2017,Varale,CA
35,Oct 2017,Varale,CA
16,Aug 2017,Varale,CA
5,Sep 2017,SADASHIV PETH   PUNE,CA
7,Nov 2017,SADASHIV PETH   PUNE,CA
1,May 2017,SADASHIV PETH   PUNE,CA
1,Jun 2017,SADASHIV PETH   PUNE,CA
2,Jul 2017,SADASHIV PETH   PUNE,CA
7,Oct 2017,SADASHIV PETH   PUNE,CA
5,Aug 2017,SADASHIV PETH   PUNE,CA
12,Sep 2017,NAVRANGPURA  AHMEDABAD,CA
16,Nov 2017,NAVRANGPURA  AHMEDABAD,CA
16,Oct 2017,NAVRANGPURA  AHMEDABAD,CA
8,Aug 2017,NAVRANGPURA  AHMEDABAD,CA
6,Oct 2017,MHALUNGE BUS STOP  PUNE,CA
4,Jul 2017,MHALUNGE BUS STOP  PUNE,CA
6,Aug 2017,MHALUNGE BUS STOP  PUNE,CA
2,Jun 2017,MHALUNGE BUS STOP  PUNE,CA
7,Nov 2017,MHALUNGE BUS STOP  PUNE,CA
6,Sep 2017,MHALUNGE BUS STOP  PUNE,CA
1,May 2017,MHALUNGE BUS STOP  PUNE,CA
1,Apr 2017,MHALUNGE BUS STOP  PUNE,CA
9,Oct 2017,NEW PALASIA,CA
9,Nov 2017,NEW PALASIA,CA
5,Sep 2017,NEW PALASIA,CA
1,Sep 2017,Alandi,CA
6,Oct 2017,Alandi,CA
6,Nov 2017,Alandi,CA
1,Aug 2017,Alandi,CA
3,Nov 2017,THILLAI NAGAR  MN.RD.   TIRUCHIIRAPPALLI,CA
3,Oct 2017,THILLAI NAGAR  MN.RD.   TIRUCHIIRAPPALLI,CA
3,Aug 2017,THILLAI NAGAR  MN.RD.   TIRUCHIIRAPPALLI,CA
3,Sep 2017,THILLAI NAGAR  MN.RD.   TIRUCHIIRAPPALLI,CA
3,Jul 2017,Wadachiwadi,CA
1,Aug 2017,KAMRAJ NAGAR  PUDUCHERRY,CA
1,Sep 2017,KAMRAJ NAGAR  PUDUCHERRY,CA
1,Jun 2017,NAVRANGPURA  AHMEDABAD,CA
1,Jul 2017,NAVRANGPURA  AHMEDABAD,CA
1,Apr 2017,CBD BELAPUR,CA
1,Oct 2017,NERUL BRANCH,CA
1,Nov 2017,NERUL BRANCH,CA
253,Sep 2017,T. NAGAR  CHENNAI,FD
250,Nov 2017,T. NAGAR  CHENNAI,FD
273,Oct 2017,T. NAGAR  CHENNAI,FD
193,Aug 2017,T. NAGAR  CHENNAI,FD
32,Nov 2017,TAMBARAM  CHENNAI,FD
117,Jun 2017,T. NAGAR  CHENNAI,FD
162,Jul 2017,T. NAGAR  CHENNAI,FD
88,May 2017,T. NAGAR  CHENNAI,FD
241,Sep 2017,CBD BELAPUR,FD
172,May 2017,CBD BELAPUR,FD
127,Mar 2017,CBD BELAPUR,FD
213,Jul 2017,CBD BELAPUR,FD
232,Aug 2017,CBD BELAPUR,FD
65,Feb 2017,CBD BELAPUR,FD
149,Apr 2017,CBD BELAPUR,FD
240,Nov 2017,CBD BELAPUR,FD
239,Oct 2017,CBD BELAPUR,FD
193,Jun 2017,CBD BELAPUR,FD
165,Aug 2017,CHEMBUR BRANCH,FD
192,Oct 2017,CHEMBUR BRANCH,FD
141,Jul 2017,CHEMBUR BRANCH,FD
185,Sep 2017,CHEMBUR BRANCH,FD
193,Nov 2017,CHEMBUR BRANCH,FD
43,Apr 2017,T. NAGAR  CHENNAI,FD
96,May 2017,CHEMBUR BRANCH,FD
74,Apr 2017,CHEMBUR BRANCH,FD
121,Jun 2017,CHEMBUR BRANCH,FD
40,Mar 2017,CHEMBUR BRANCH,FD
16,Feb 2017,CHEMBUR BRANCH,FD
3,Jan 2017,CBD BELAPUR,FD
46,Sep 2017,SADASHIV PETH   PUNE,FD
46,Nov 2017,SADASHIV PETH   PUNE,FD
46,Oct 2017,SADASHIV PETH   PUNE,FD
33,Jun 2017,SADASHIV PETH   PUNE,FD
44,Aug 2017,SADASHIV PETH   PUNE,FD
25,May 2017,SADASHIV PETH   PUNE,FD
40,Jul 2017,SADASHIV PETH   PUNE,FD
11,Sep 2017,Wadachiwadi,FD
80,Mar 2017,KOTHRUD PUNE BRANCH,FD
32,Feb 2017,KOTHRUD PUNE BRANCH,FD
13,Apr 2017,SADASHIV PETH   PUNE,FD
21,Jun 2017,NEW PALASIA,FD
43,Sep 2017,NEW PALASIA,FD
47,Nov 2017,NEW PALASIA,FD
36,Aug 2017,NEW PALASIA,FD
46,Oct 2017,NEW PALASIA,FD
36,Jul 2017,NEW PALASIA,FD
13,May 2017,NEW PALASIA,FD
4,Apr 2017,NEW PALASIA,FD
9,Nov 2017,Wadachiwadi,FD
9,Oct 2017,Wadachiwadi,FD
37,Jun 2017,THILLAI NAGAR  MN.RD.   TIRUCHIIRAPPALLI,FD
56,Sep 2017,THILLAI NAGAR  MN.RD.   TIRUCHIIRAPPALLI,FD
41,Jul 2017,THILLAI NAGAR  MN.RD.   TIRUCHIIRAPPALLI,FD
46,Aug 2017,THILLAI NAGAR  MN.RD.   TIRUCHIIRAPPALLI,FD
61,Nov 2017,THILLAI NAGAR  MN.RD.   TIRUCHIIRAPPALLI,FD
61,Oct 2017,THILLAI NAGAR  MN.RD.   TIRUCHIIRAPPALLI,FD
8,Apr 2017,THILLAI NAGAR  MN.RD.   TIRUCHIIRAPPALLI,FD
20,May 2017,THILLAI NAGAR  MN.RD.   TIRUCHIIRAPPALLI,FD
86,May 2017,KOTHRUD PUNE BRANCH,FD
96,Jun 2017,KOTHRUD PUNE BRANCH,FD
111,Aug 2017,KOTHRUD PUNE BRANCH,FD
88,Apr 2017,KOTHRUD PUNE BRANCH,FD
109,Jul 2017,KOTHRUD PUNE BRANCH,FD
123,Nov 2017,KOTHRUD PUNE BRANCH,FD
123,Oct 2017,KOTHRUD PUNE BRANCH,FD
118,Sep 2017,KOTHRUD PUNE BRANCH,FD
48,Jul 2017,CHINCHWAD  PUNE BRANCH,FD
20,Nov 2017,Alandi,FD
20,Sep 2017,Alandi,FD
19,Oct 2017,Alandi,FD
19,Aug 2017,Alandi,FD
40,Jun 2017,CHINCHWAD  PUNE BRANCH,FD
30,May 2017,CHINCHWAD  PUNE BRANCH,FD
11,Apr 2017,CHINCHWAD  PUNE BRANCH,FD
37,Oct 2017,MHALUNGE BUS STOP  PUNE,FD
22,Jun 2017,MHALUNGE BUS STOP  PUNE,FD
30,Jul 2017,MHALUNGE BUS STOP  PUNE,FD
37,Nov 2017,MHALUNGE BUS STOP  PUNE,FD
37,Aug 2017,MHALUNGE BUS STOP  PUNE,FD
39,Sep 2017,MHALUNGE BUS STOP  PUNE,FD
43,Oct 2017,CHINCHWAD  PUNE BRANCH,FD
42,Nov 2017,CHINCHWAD  PUNE BRANCH,FD
38,Sep 2017,CHINCHWAD  PUNE BRANCH,FD
33,Aug 2017,CHINCHWAD  PUNE BRANCH,FD
13,Oct 2017,NERUL BRANCH,FD
13,Nov 2017,NERUL BRANCH,FD
57,Aug 2017,PULLIYAKULAM ROAD   COIMBATORE,FD
76,Oct 2017,PULLIYAKULAM ROAD   COIMBATORE,FD
76,Nov 2017,PULLIYAKULAM ROAD   COIMBATORE,FD
70,Sep 2017,PULLIYAKULAM ROAD   COIMBATORE,FD
31,Jun 2017,PULLIYAKULAM ROAD   COIMBATORE,FD
20,May 2017,PULLIYAKULAM ROAD   COIMBATORE,FD
51,Jul 2017,PULLIYAKULAM ROAD   COIMBATORE,FD
220,Nov 2017,NAVRANGPURA  AHMEDABAD,FD
160,Aug 2017,NAVRANGPURA  AHMEDABAD,FD
37,May 2017,NAVRANGPURA  AHMEDABAD,FD
111,Jul 2017,NAVRANGPURA  AHMEDABAD,FD
193,Sep 2017,NAVRANGPURA  AHMEDABAD,FD
71,Jun 2017,NAVRANGPURA  AHMEDABAD,FD
220,Oct 2017,NAVRANGPURA  AHMEDABAD,FD
4,Apr 2017,NAVRANGPURA  AHMEDABAD,FD
6,Aug 2017,Wadachiwadi,FD
5,Sep 2017,Varale,FD
6,Nov 2017,Varale,FD
4,Aug 2017,Varale,FD
6,Oct 2017,Varale,FD
2,Jul 2017,Varale,FD
167,Sep 2017,THANE BRANCH,FD
130,Jul 2017,THANE BRANCH,FD
175,Nov 2017,THANE BRANCH,FD
156,Aug 2017,THANE BRANCH,FD
175,Oct 2017,THANE BRANCH,FD
80,May 2017,THANE BRANCH,FD
94,Jun 2017,THANE BRANCH,FD
55,Apr 2017,THANE BRANCH,FD
35,Mar 2017,THANE BRANCH,FD
10,Feb 2017,THANE BRANCH,FD
7,May 2017,MHALUNGE BUS STOP  PUNE,FD
39,Oct 2017,KAMRAJ NAGAR  PUDUCHERRY,FD
37,Sep 2017,KAMRAJ NAGAR  PUDUCHERRY,FD
39,Nov 2017,KAMRAJ NAGAR  PUDUCHERRY,FD
28,Jul 2017,KAMRAJ NAGAR  PUDUCHERRY,FD
31,Aug 2017,KAMRAJ NAGAR  PUDUCHERRY,FD
18,May 2017,KAMRAJ NAGAR  PUDUCHERRY,FD
11,Apr 2017,KAMRAJ NAGAR  PUDUCHERRY,FD
18,Jun 2017,KAMRAJ NAGAR  PUDUCHERRY,FD
9,Oct 2017,TAMBARAM  CHENNAI,FD
7,Apr 2017,PULLIYAKULAM ROAD   COIMBATORE,FD
1,Jul 2017,Alandi,FD
1,Jul 2017,Wadachiwadi,FD
4,Nov 2017,Alandi,RD
3,Oct 2017,Alandi,RD
58,Aug 2017,CBD BELAPUR,RD
72,Sep 2017,CBD BELAPUR,RD
79,Nov 2017,CBD BELAPUR,RD
57,Jul 2017,CBD BELAPUR,RD
77,Oct 2017,CBD BELAPUR,RD
8,Sep 2017,KOTHRUD PUNE BRANCH,RD
7,Jul 2017,KOTHRUD PUNE BRANCH,RD
8,Aug 2017,KOTHRUD PUNE BRANCH,RD
8,Oct 2017,KOTHRUD PUNE BRANCH,RD
6,Jun 2017,KOTHRUD PUNE BRANCH,RD
8,Nov 2017,KOTHRUD PUNE BRANCH,RD
5,Apr 2017,THANE BRANCH,RD
4,Mar 2017,THANE BRANCH,RD
5,May 2017,THANE BRANCH,RD
8,Oct 2017,MHALUNGE BUS STOP  PUNE,RD
8,Nov 2017,MHALUNGE BUS STOP  PUNE,RD
6,Sep 2017,MHALUNGE BUS STOP  PUNE,RD
3,Aug 2017,MHALUNGE BUS STOP  PUNE,RD
11,Sep 2017,CHEMBUR BRANCH,RD
9,Nov 2017,CHEMBUR BRANCH,RD
8,Aug 2017,CHEMBUR BRANCH,RD
9,Oct 2017,CHEMBUR BRANCH,RD
8,Oct 2017,THANE BRANCH,RD
7,Aug 2017,THANE BRANCH,RD
8,Nov 2017,THANE BRANCH,RD
7,Sep 2017,THANE BRANCH,RD
38,Jun 2017,CBD BELAPUR,RD
31,May 2017,CBD BELAPUR,RD
14,Mar 2017,CBD BELAPUR,RD
23,Apr 2017,CBD BELAPUR,RD
5,Feb 2017,CBD BELAPUR,RD
26,Oct 2017,NAVRANGPURA  AHMEDABAD,RD
26,Nov 2017,NAVRANGPURA  AHMEDABAD,RD
22,Sep 2017,NAVRANGPURA  AHMEDABAD,RD
14,Aug 2017,NAVRANGPURA  AHMEDABAD,RD
10,Jul 2017,NAVRANGPURA  AHMEDABAD,RD
9,Jun 2017,NAVRANGPURA  AHMEDABAD,RD
5,Sep 2017,NEW PALASIA,RD
4,Oct 2017,NEW PALASIA,RD
4,Nov 2017,NEW PALASIA,RD
2,Aug 2017,NEW PALASIA,RD
25,Oct 2017,T. NAGAR  CHENNAI,RD
10,Jul 2017,T. NAGAR  CHENNAI,RD
20,Nov 2017,T. NAGAR  CHENNAI,RD
19,Sep 2017,T. NAGAR  CHENNAI,RD
7,Jun 2017,T. NAGAR  CHENNAI,RD
14,Aug 2017,T. NAGAR  CHENNAI,RD
5,Aug 2017,SADASHIV PETH   PUNE,RD
9,Oct 2017,SADASHIV PETH   PUNE,RD
5,Sep 2017,SADASHIV PETH   PUNE,RD
9,Nov 2017,SADASHIV PETH   PUNE,RD
1,Mar 2017,CHEMBUR BRANCH,RD
4,May 2017,CHEMBUR BRANCH,RD
8,Jul 2017,CHEMBUR BRANCH,RD
4,Apr 2017,CHEMBUR BRANCH,RD
7,Jun 2017,CHEMBUR BRANCH,RD
3,Mar 2017,KOTHRUD PUNE BRANCH,RD
6,Apr 2017,KOTHRUD PUNE BRANCH,RD
6,May 2017,KOTHRUD PUNE BRANCH,RD
5,Nov 2017,TAMBARAM  CHENNAI,RD
3,Jul 2017,SADASHIV PETH   PUNE,RD
5,Jul 2017,THANE BRANCH,RD
2,Jun 2017,THANE BRANCH,RD
3,May 2017,NAVRANGPURA  AHMEDABAD,RD
4,Jul 2017,THILLAI NAGAR  MN.RD.   TIRUCHIIRAPPALLI,RD
3,Oct 2017,THILLAI NAGAR  MN.RD.   TIRUCHIIRAPPALLI,RD
3,Nov 2017,THILLAI NAGAR  MN.RD.   TIRUCHIIRAPPALLI,RD
4,Sep 2017,THILLAI NAGAR  MN.RD.   TIRUCHIIRAPPALLI,RD
3,Aug 2017,THILLAI NAGAR  MN.RD.   TIRUCHIIRAPPALLI,RD
3,Jun 2017,THILLAI NAGAR  MN.RD.   TIRUCHIIRAPPALLI,RD
13,Aug 2017,PULLIYAKULAM ROAD   COIMBATORE,RD
16,Sep 2017,PULLIYAKULAM ROAD   COIMBATORE,RD
15,Nov 2017,PULLIYAKULAM ROAD   COIMBATORE,RD
15,Oct 2017,PULLIYAKULAM ROAD   COIMBATORE,RD
7,Jul 2017,PULLIYAKULAM ROAD   COIMBATORE,RD
4,Jun 2017,PULLIYAKULAM ROAD   COIMBATORE,RD
12,Oct 2017,Wadachiwadi,RD
12,Nov 2017,Wadachiwadi,RD
2,Nov 2017,NERUL BRANCH,RD
2,Oct 2017,NERUL BRANCH,RD
2,Jul 2017,KAMRAJ NAGAR  PUDUCHERRY,RD
2,Jun 2017,KAMRAJ NAGAR  PUDUCHERRY,RD
2,May 2017,KAMRAJ NAGAR  PUDUCHERRY,RD
2,Aug 2017,KAMRAJ NAGAR  PUDUCHERRY,RD
2,Sep 2017,KAMRAJ NAGAR  PUDUCHERRY,RD
2,Oct 2017,KAMRAJ NAGAR  PUDUCHERRY,RD
2,Nov 2017,KAMRAJ NAGAR  PUDUCHERRY,RD
3,Nov 2017,CHINCHWAD  PUNE BRANCH,RD
3,Oct 2017,CHINCHWAD  PUNE BRANCH,RD
3,Sep 2017,CHINCHWAD  PUNE BRANCH,RD
6,Sep 2017,Wadachiwadi,RD
1,Oct 2017,Varale,RD
1,Nov 2017,Varale,RD
3,May 2017,PULLIYAKULAM ROAD   COIMBATORE,RD
1,Jul 2017,NEW PALASIA,RD
1,May 2017,SADASHIV PETH   PUNE,RD
1,Jun 2017,SADASHIV PETH   PUNE,RD
1,Jun 2017,CHINCHWAD  PUNE BRANCH,RD
1,May 2017,CHINCHWAD  PUNE BRANCH,RD
1,Jul 2017,CHINCHWAD  PUNE BRANCH,RD
1,Aug 2017,CHINCHWAD  PUNE BRANCH,RD
1,Apr 2017,PULLIYAKULAM ROAD   COIMBATORE,RD
1,Aug 2017,CENTRAL BACK OFFICE  BELAPUR,CA
1,Sep 2017,CENTRAL BACK OFFICE  BELAPUR,CA
